date,white_noise,random_walk,trend_series,garch_ret,garch_var
2020-01-01,1.1493768409578178,-0.2820290477899447,-0.2677108270474744,0.0,1.0
2020-01-02,-0.04473293418786798,-0.9138447368727254,-0.4133869046211883,0.8663974003575995,0.8500000000000001
2020-01-03,-1.4051643606769604,-1.0918022926184119,0.5224663976530937,0.23078667302654368,0.8425966683019611
2020-01-04,0.9661296810041061,-0.3340255316822247,-1.7763899618941108,0.4638005365973124,0.7320667079085681
2020-01-05,-0.370370609661107,-0.5614461624378811,-0.7103741290816368,-1.2230915139764078,0.6679200069890477
2020-01-06,0.3420034574210212,-1.0581708652315867,1.0812731994934361,1.4587733636177547,0.8087289333254033
2020-01-07,-0.6474594284795192,-1.2570024682104584,-1.617181448100187,-0.5475357095873918,1.0161861056204213
2020-01-08,1.6443017102336905,-2.528857652711343,1.2578547580554003,0.16956164119582817,0.9079181874873423
2020-01-09,-0.8765648241831969,-2.131826050417363,1.6714572076416998,0.8140982114045108,0.7806472225146274
2020-01-10,-0.33742975410617465,-3.918552644262273,-0.18909461638086258,-0.872038490067822,0.7739311626835055
2020-01-11,0.10744870269731638,-4.362674098627788,0.49221356902951646,-0.4806198809311587,0.7832125993707694
2020-01-12,-1.0921823270869582,-3.6032888897970445,1.3395279666145536,0.15856576523841778,0.7112193999885578
2020-01-13,0.33051952858759515,-3.3002406068643277,-0.22630822611967202,2.4098163362358465,0.622746985276693
2020-01-14,1.6119104774674902,-2.7099200338779372,1.1282965626103498,0.23763054225198366,1.4192798043797281
2020-01-15,-0.49046216069371046,-2.7749657065967464,-0.3905876728861826,1.9137147482527055,1.1938940846954282
2020-01-16,0.3951428190317255,-1.6052195256112296,-0.17700109092836974,1.3173843135941263,1.5544608884083302
2020-01-17,-2.7494353860385554,-0.6805203288414376,-0.4786951817598435,0.45882763004563865,1.5538939251822443
2020-01-18,-0.03892920048484066,-0.2343793245937631,0.6833285619202543,-1.2330847755366083,1.3246935592597902
2020-01-19,-0.31304228592620537,0.69316645271978,1.518690495451321,1.2197269434014877,1.3378295569568572
2020-01-20,-0.8184976024103849,1.4435900071233567,0.1966485909289279,-1.732783067178045,1.3434237180344164
2020-01-21,1.081450469628532,1.0041264937764665,-0.8704475567059904,1.8555128307587998,1.575119548112376
2020-01-22,-0.32624368162382816,-0.3397724179148671,-0.6618651389200823,0.2510141956149359,1.8265348182564811
2020-01-23,-0.17747748709358746,0.08058970792775672,0.8354811848975945,-3.581760032746416,1.520679073565217
2020-01-24,-0.37719287478907115,0.6266789387591853,2.305038257081644,-0.4198978732065823,3.1908939986791145
2020-01-25,-1.9168158717650765,1.7171509298977508,0.8746869231620928,1.1681518081861246,2.6291623325318034
2020-01-26,-1.131986440076961,0.7808296548524573,0.11410545335676331,-0.38432690731242763,2.3580166630707198
2020-01-27,0.9610934861202163,-0.12560140442470602,1.2872260510186209,1.0979511205504955,1.9585694062092263
2020-01-28,-2.109950646879972,0.33429886188306435,0.30158352874191097,-1.1895994557713063,1.7976800244350943
2020-01-29,-0.7663153496157056,0.2631318730299777,0.18283702712477157,-1.751029696330455,1.7004160493237837
2020-01-30,-0.3997200562897638,-1.6226297375411505,-0.377296781045965,-0.09316480692528815,1.8702485890736957
2020-01-31,1.7436218672915653,-1.2475215737869596,2.009651249055975,0.043168269819727566,1.5475008234463705
2020-02-01,0.768603765496369,-3.099944488775914,-1.9179654325257238,-0.4333852070662021,1.2882801836849807
2020-02-02,-0.5571705270530996,-4.045201040649291,1.4391417654095298,1.393005286559035,1.108797557603557
2020-02-03,1.304513697115551,-2.6935196677891833,0.19757770749304426,-0.895263746631616,1.2281076053400584
2020-02-04,-0.7405158205011196,-0.868640649982068,0.2710219939992891,0.3470501776663254,1.1527106606769786
2020-02-05,1.0090998037340055,-2.0842970184540297,2.3937179617290347,0.07297552709141744,0.9902351024143171
2020-02-06,-1.3588772459230156,-2.413688555866724,0.007311793571491698,-1.549096720329755,0.8429868960645943
2020-02-07,1.0732578317891572,-2.371066032788018,0.06141381190345352,-1.2110585652548471,1.084344614192136
2020-02-08,-0.4061336454709856,-0.58983910520645,0.631128807172654,0.012403163836872785,1.137475118625278
2020-02-09,-1.0285042409412697,-1.0827080530308515,1.1954105120647434,2.112998904133268,0.9600031706711971
2020-02-10,-0.21714361307631405,-1.5595920760641295,0.35974742411995614,0.5675671222930884,1.4877171918672165
2020-02-11,0.27734417972021486,-0.010866517601267667,-0.7522156439627392,-2.1047915306688925,1.2884936192399818
2020-02-12,-0.49474843052571216,-0.3856556703195257,-0.024014814148298536,-3.530772012671795,1.7453170035283105
2020-02-13,0.5539535059953238,0.33654603864693183,2.143057303358307,0.9684403737163063,3.316206253642614
2020-02-14,-0.5829938836640675,-1.1405969264654956,0.9565403161896197,-0.17520911798897731,2.843646516530658
2020-02-15,0.6203723939313579,-1.3118296705578218,1.3528908909182509,1.9245299429866818,2.3295219484784977
2020-02-16,0.44222206203659953,-2.9714265088842264,0.6604224802017118,-1.344219640824015,2.4691898840006465
2020-02-17,-0.06092305470793503,-4.026860289839931,0.2823860713618005,0.5503118757405103,2.296390873617074
2020-02-18,-0.4413823123659498,-3.1876589346876676,2.6394932975708016,1.2822783430446911,1.932539172980815
2020-02-19,0.15154079576526616,-3.2375643257743802,0.7937720708046307,-0.6220451415580862,1.8426670007408679
2020-02-20,0.5502537430336992,-3.5566700663273547,0.5586341284889051,-0.5783893077320001,1.5821746243130974
2020-02-21,2.0617991527316084,-4.305419690308272,2.118186454531692,0.03177673161027029,1.3659198281452833
2020-02-22,0.939420421798181,-4.526075763549555,0.319723809469288,0.6342398084008701,1.1428873266170014
2020-02-23,0.9759899498158413,-4.2249625964488615,0.4673969047229972,-0.015323897743839906,1.024648881477657
2020-02-24,3.0885121948602836,-3.2420463899870997,1.0924110126742126,0.9859272247015507,0.8697543284584354
2020-02-25,0.5159584767678441,-5.867193074083902,1.1024745129058149,-0.4308036225438159,0.8916113366279037
2020-02-26,0.4846435113117023,-6.698954248346712,1.3818558368811704,-1.2543394758201332,0.7911278334818542
2020-02-27,0.7040150743216541,-6.539858006157706,3.2339536585337645,1.7584279993410759,0.9189073948755924
2020-02-28,-1.0089659775882531,-6.638721122119992,1.4985728956509676,-0.5795998293807848,1.2489362702304727
2020-02-29,-0.4439016364187562,-6.235344879593267,-1.1956892332918827,-0.6352670965845898,1.0995394105171135
2020-03-01,-0.506169266692334,-5.967804593466713,1.5287037530507992,-0.06900065494316741,0.9901661710141431
2020-03-02,0.6476139772195617,-6.27267245646012,1.260324884269158,0.06684996977772906,0.8428471003687024
2020-03-03,-0.17417456222119868,-6.799525652447297,1.2859349942913374,-0.355001509273073,0.7249480180638544
2020-03-04,0.1382234254743028,-7.045027142182798,1.5084723594963712,-0.014843896173897806,0.6488623251890075
2020-03-05,1.0874546201484645,-5.896284792360055,1.2538868425857217,-0.032029269076056174,0.5691229113392493
2020-03-06,0.8631507387041388,-6.62829272526577,1.2499931173654526,0.1318841117849906,0.5054522101830314
2020-03-07,-0.16172100304124704,-6.691099448409726,1.9356895003519483,-1.6760595350642236,0.45697078098762256
2020-03-08,-0.6699950968782225,-6.507757234411304,0.800604573546982,1.2714651229272809,0.8369529595520533
2020-03-09,1.1352747316531886,-4.947406304536846,0.41503911526262804,-0.13474690981625903,0.9620559014647154
2020-03-10,0.7738911809098658,-5.24771456277316,4.406546983684516,0.5695004934729737,0.8223682306275271
2020-03-11,-1.6062568182953822,-4.288907906762199,0.6869481674412113,-1.2497245972183815,0.7565442063119158
2020-03-12,-0.3131539389082808,-3.0569285034971765,1.522988603842842,-0.4096739062420217,0.8895071003834295
2020-03-13,0.1655154620167624,-3.120682768487825,-0.0527744793322813,-0.6340858621487964,0.7867805867250832
2020-03-14,0.7788297171210313,-3.3314017475645876,1.5793942667548286,1.3036545784553315,0.739734201466614
2020-03-15,0.9101014949397712,-3.660455419612804,0.5497403811743923,-0.5038454073900392,0.8967146501624235
2020-03-16,0.2839060011754735,-3.916278553855386,1.0605330691740371,0.7178639827933291,0.805450749312144
2020-03-17,0.585247531358856,-3.0620386932785535,2.5681107579554925,-0.5837322451854146,0.7716599041185004
2020-03-18,0.06413680237815363,-2.8310287160230394,2.015095740722763,-0.397599372395923,0.7184394234051811
2020-03-19,-0.6738516881805606,-2.59573900685317,2.1315357770798293,-0.2081302991625202,0.6484643278635897
2020-03-20,-0.261264391041254,-3.720962517233005,-0.18803850572653213,1.0338455962736335,0.5752691955052938
2020-03-21,0.018991186640108272,-4.68845259460824,3.440101582654664,-1.4333871459682546,0.6705408639443928
2020-03-22,-0.034679250018589874,-2.54500576983126,0.4313651820440967,-1.0773516210296121,0.894622497689567
2020-03-23,-1.8855729044434706,-2.7228314951199493,3.1718473874401574,-1.841848580276243,0.9398009754519236
2020-03-24,-0.3974833349294312,-3.4976034906983093,2.6848705192880993,-1.0542607980538892,1.3107017092613806
2020-03-25,0.05620565308915186,-2.066504325109012,2.260699475251614,-0.9291674739173623,1.265281241956088
2020-03-26,-0.281369991905701,-1.7846957764254596,0.848422032718873,-1.8160447314701729,1.1917278227527661
2020-03-27,-0.24682379551158573,-1.206540859560938,1.875036738607098,-0.8014418364150778,1.4980850282072988
2020-03-28,0.4879913708045874,-1.3445879348424716,1.272565563303036,-2.465935653351022,1.344814375139295
2020-03-29,-1.0789571870486339,-1.663261025419276,1.7925666256135082,-1.1805221462871407,2.037977297081596
2020-03-30,-1.6280422139512112,-1.8328473979165663,1.5336948751829773,1.7136930603570955,1.8894267183464364
2020-03-31,-0.3481697908366748,-3.215585568215193,-0.23500329214355054,0.5547577097881222,2.0020529604445594
2020-04-01,0.7641144055017897,-3.3035129776350907,2.9454314455737665,0.265255359464122,1.697805785841052
2020-04-02,1.6875530394866385,-3.0074799005924735,1.7625802182001378,-1.306619222035372,1.418798689531508
2020-04-03,0.78212823909474,-1.1570166667487196,1.3789270554075825,-1.8296820438169261,1.4411270203340545
2020-04-04,-1.4682637598688473,-1.071017601743504,1.3234403022403725,-1.367522124372959,1.7050620734871562
2020-04-05,-0.23236723937677117,-3.405194643953809,2.262267191597229,-0.05642253876854336,1.6945671728871545
2020-04-06,0.2566343810815294,-3.4991800767384307,1.0300913570963093,1.1301538283231827,1.406131263741887
2020-04-07,0.1775911169235922,-0.7596759436301248,-0.31128778292294124,1.0700309449595264,1.3664921623445416
2020-04-08,0.539304552942874,0.10669029135491492,2.3710576589196988,0.7371672844105865,1.3149386633512798
2020-04-09,-0.9170489464607607,-0.7041986524536737,2.5030709338285653,-0.8457621719127051,1.1834632714618158
2020-04-10,0.06494308755074261,-0.11309213802311702,1.804376191354431,0.026707050262516425,1.1040676648852272
2020-04-11,0.420322829776129,-0.8551055629128573,0.8761452210023759,-0.33764945580206523,0.9333611218882405
2020-04-12,0.8256709533036595,-2.208913082459715,2.1330237172419904,-0.19437067083022225,0.813789970761107
2020-04-13,-0.805718166612792,-2.557282445693787,0.5995958881994374,1.8376993545095845,0.7066989702607342
2020-04-14,-0.345156867242898,-2.4657560064549258,1.0569377399856872,-1.4812323612660179,1.121930013843329
2020-04-15,-2.7038176800733402,-4.337911508888322,1.3535104803295064,-0.24857249432888617,1.2766514072839188
2020-04-16,-0.6214619675777742,-5.487070799426958,2.968187567885544,1.3691429701693658,1.0805893685676677
2020-04-17,-0.524414892971043,-5.476735236244603,1.7816776267173913,-1.523814740291371,1.195654365768763
2020-04-18,-1.019584508167443,-5.884908412233557,1.7164622455381686,-0.7039119401700918,1.3548251970243994
2020-04-19,0.1656121502326517,-5.490097141087466,4.139061252886195,-0.6157847209671846,1.208183960546623
2020-04-20,-0.05594543204526823,-6.704765468396027,2.5568713148239843,-0.24543430552767362,1.0734257918237935
2020-04-21,-2.2592138775776114,-5.9906517198427265,2.563443408270417,-1.6535115864294947,0.9177763332085126
2020-04-22,0.21550796930175647,-7.174410816902921,1.874788232747137,0.5702878776214001,1.1943361515352977
2020-04-23,-0.9283241307890274,-5.531676514965291,1.6681573904794544,0.728156638120845,1.0542531607325265
2020-04-24,0.48568895919051513,-7.2474347993436075,0.0981626982594026,0.5219836728965631,0.972934342031939
2020-04-25,-1.2818512477286654,-8.33998906972702,3.273349750360432,-0.8585142600418023,0.8692175168411391
2020-04-26,0.03000653853094012,-7.92261826669519,2.7729590043535737,0.08065559823873743,0.8559310236771799
2020-04-27,-0.2831633288865059,-6.258385015197552,2.1655233855441014,-0.8321309920891733,0.7357206177708313
2020-04-28,0.30310188495033036,-5.9433419790813815,2.2275027570815795,-0.28528198525664367,0.7424427924159618
2020-04-29,0.12469727765134685,-5.380484058898991,3.1209138013392113,1.8555382260507032,0.6561621055995652
2020-04-30,-0.25516417502145444,-5.362947157225932,0.8500995461586236,0.07751692441973493,1.0913830007299608
2020-05-01,-1.5362723140442447,-6.389345611341126,1.8349683678449922,-1.2406004378013604,0.9240077316196929
2020-05-02,-1.4772079634610316,-6.879483959580505,1.3085869166665876,0.17334792489118173,1.0200696022366933
2020-05-03,-0.583886939092219,-8.091393679561783,4.236439142206185,-1.365293542809723,0.8705631072489666
2020-05-04,-0.00827988392958697,-9.370103647338654,3.36062547173306,-1.1187243132961542,1.026054454504862
2020-05-05,-0.608247947199117,-8.968354728018907,0.302317378904716,-1.0545988723068154,1.0585751769778824
2020-05-06,0.6252119305794656,-10.091532710106868,1.011288473560425,-0.4571370331630854,1.063686958802927
2020-05-07,-0.2792209192116837,-9.771978703383507,2.4127445070032354,0.9663448524896763,0.9322957071057137
2020-05-08,-0.9650127247795103,-11.073801455604604,2.0926900484486173,0.5584750471738191,0.9359099217745651
2020-05-09,-0.27809629298790933,-10.77741843548785,1.260788132604474,0.5059584286739364,0.8455120941670221
2020-05-10,0.22585983631655238,-11.266101004450812,4.549972658492173,-1.0104801668848165,0.7648087650655475
2020-05-11,0.3248847188245844,-9.859485470800168,2.937790414984583,-0.47339751385655204,0.815007537202573
2020-05-12,1.8783791319931293,-9.535766575221103,3.120106904025416,0.24555652788240548,0.7356218106808932
2020-05-13,-0.6689093400034194,-8.299983682226962,1.9733157120904312,-0.5388999861962074,0.647542149802564
2020-05-14,-0.07347866159040038,-9.055630398652156,3.4076448886609683,-0.22400148485391666,0.611595699110392
2020-05-15,0.4261239468194264,-8.999487058407988,2.3249780606612744,0.34516273035772016,0.5468030590708276
2020-05-16,-0.023422959200815323,-9.980574216524266,2.442107728096108,-0.25790391082798253,0.5053130438208615
2020-05-17,-0.5006181459886532,-10.394179459268685,3.3564929417891873,0.16069530503573248,0.46422759913974443
2020-05-18,-1.5492571763442435,-10.656283682013314,1.136533497063949,1.0851935843444496,0.4252555264708746
2020-05-19,-0.5108345590530156,-11.382141902700452,4.382599002135551,-0.11207190537291845,0.5668511885020528
2020-05-20,-1.073702412717801,-12.597644761546148,2.988000437168765,0.8879177810651662,0.5053649675977298
2020-05-21,-1.7266066811237784,-14.011162085198801,4.106595511385635,0.3976507348799509,0.5725516719679371
2020-05-22,-0.7956788416705864,-16.3509102009062,1.7702716261467124,-1.1102201157788927,0.5317602536169345
2020-05-23,-1.0470917207664545,-17.40725666440966,1.9425663388976586,-0.803699189535606,0.6602965087155623
2020-05-24,0.5837865452929482,-16.779762767737814,1.72387132148636,-0.6773686013809215,0.6751270650614785
2020-05-25,0.6010918374142937,-18.3782612997511,3.1561092959113317,-0.7023846511247396,0.6589258853696947
2020-05-26,-0.9038792895808748,-19.746384146004402,2.9918350053250595,-0.07329202417702431,0.6511423380160991
2020-05-27,-0.2602286305631211,-17.955485574771487,2.481479964335954,0.49597712608448946,0.5717196285340741
2020-05-28,-1.8582426621125354,-18.59198162461974,1.9518626708421754,0.9490521865672148,0.5442746992671137
2020-05-29,-0.4943399501826941,-18.270935615454906,1.7193756741569333,0.22735609584156474,0.6205247673378926
2020-05-30,0.3989819007023456,-17.62861846895441,2.95752812357744,-0.3510769146785644,0.554173433017762
2020-05-31,0.8249378896141027,-16.96609233917313,2.5604653246198166,-1.5500792241210506,0.5118269964172426
2020-06-01,-0.7130470816913138,-18.48840656978119,2.3604851920104752,0.050501254233805686,0.8198734372915517
2020-06-02,1.0518548605275198,-18.719466249680682,4.613221750660667,0.02333410194251906,0.7062813063351195
2020-06-03,-1.5156919215134717,-20.337693519199075,3.003846666496645,0.1537343199062355,0.6151067171151153
2020-06-04,-1.2476277991437925,-17.89137566028875,4.376255358776625,1.6518977152008067,0.5456305098596472
2020-06-05,0.7096618656378763,-19.48625092430435,2.5930003223273235,0.9163890498936111,0.8958193171105646
2020-06-06,1.6711212285632473,-20.53409114317417,3.3910688689689974,0.7430423538740458,0.8926207873031891
2020-06-07,0.4934319881836954,-21.574691998015673,3.1108566490743264,-0.908957106009371,0.8469134207901536
2020-06-08,-0.040342386534012425,-23.071352474738553,1.4887504359728592,-0.47209829004366965,0.8514611897168626
2020-06-09,-2.1951837465222086,-21.718758564982007,4.634751131915215,-0.08751753353027475,0.7646004710928136
2020-06-10,-2.0224470560434793,-19.29631066389851,3.0912992987792074,-0.6780271232467683,0.6628292746755343
2020-06-11,0.12940953689586895,-19.772059783211127,3.992911205604904,0.40744982814505337,0.6492215367191707
2020-06-12,-0.35806266957117455,-21.092482930055535,2.514504343670705,0.2875767525584211,0.5942795337436516
2020-06-13,-1.105835182152118,-23.329408428781555,3.1217287647128202,-0.8389713415712151,0.5378286852867284
2020-06-14,0.06553258083005072,-23.573517147303658,2.439760866529551,0.8777071267947101,0.5858438850260534
2020-06-15,0.11513136750780958,-23.8898825704651,4.56265178937662,0.07830877896012232,0.6342305780847766
2020-06-16,0.9444158685402726,-24.541178696825245,3.6581027342242227,-1.377007964263241,0.5583043021971551
2020-06-17,0.13660228301270078,-24.319803442849018,3.7337869936147556,-0.03836326220745027,0.7810660818043833
2020-06-18,1.2283943683343845,-23.92463030003353,4.744957694199167,0.2485244814731581,0.6750736264265863
2020-06-19,0.007994029548813363,-23.601547042095632,4.563154924153531,0.799274067508929,0.5993235638249944
2020-06-20,-0.11533499480733611,-23.91767191406412,4.192196243551114,-0.2612607013428002,0.6252847063088357
2020-06-21,1.0643121862471823,-25.019293743638382,2.0251664405376877,0.65469173675519,0.5604663381569883
2020-06-22,-0.9784408800414345,-24.353460645831667,2.7712547482187873,0.1401025379901544,0.5626662610519197
2020-06-23,2.8144474532661614,-24.340946886410137,2.4830858118844388,-0.9864367075839863,0.5030773170142282
2020-06-24,0.3752574781667358,-23.452589361575487,4.234547721681912,-1.0037486896265195,0.5984204603217529
2020-06-25,0.3808292528376731,-22.662513812103256,3.6977060499664844,0.8683858330638068,0.6798630830464456
2020-06-26,0.5250959739725976,-24.084275881150372,2.1565817547461585,0.9861345254778707,0.7070045596970448
2020-06-27,1.8771364753316424,-25.518498088607977,3.3783900555258466,0.2715135867599745,0.7614728431085556
2020-06-28,0.7925074116726066,-26.274038807348507,2.093062012978616,1.305189751323097,0.6702362186561344
2020-06-29,-1.6050559790039236,-27.330304215639174,3.554057940787956,0.8650248841718627,0.8417170179687345
2020-06-30,1.4034703847675043,-26.57505243966307,1.9718820050308512,0.6271961150487063,0.8356138219104694
2020-07-01,-0.3408965794450173,-26.223742763675155,4.176122082562969,-0.8330472842210075,0.777497302538204
2020-07-02,0.10715507283932346,-25.124558769889845,4.045297295372751,1.5267012822256993,0.7760930086927627
2020-07-03,-1.2792539721752665,-24.728071952478928,5.595323242845879,0.4724608667504956,1.0204969277266493
2020-07-04,0.5262020181238957,-24.519422370605557,4.5552881191566605,-0.38977297186893833,0.899880432772914
2020-07-05,-0.6513742900675522,-23.319692590261386,3.3045406539971363,-0.633934478542913,0.7926927916582629
2020-07-06,0.10016963799347375,-22.84996525052634,4.565565083254446,0.22862306600511365,0.7444351717894316
2020-07-07,-0.284099005360783,-22.78186428708862,2.369871189195102,-1.4418007519832359,0.6533884133779821
2020-07-08,1.9250128017358519,-21.301411253157934,2.8251025466195157,0.5655630141420507,0.8845291419652994
2020-07-09,1.9822603001455896,-21.186230370005145,4.1407577625360314,-0.8968277199964714,0.8056025420170558
2020-07-10,0.046513170214741384,-21.490570974923067,1.6694056478733152,0.3326406581911821,0.8151270275167551
2020-07-11,0.06397771136885474,-22.328394233700717,3.81053460584768,-0.47094171651730465,0.7186990931356836
2020-07-12,-0.37344296634951507,-21.625368774655307,2.8474721788234625,-0.22416393158195053,0.6582271895619867
2020-07-13,1.1060062915027862,-20.38831823281284,3.989082606255468,-0.6140900758556919,0.5841191718829309
2020-07-14,-0.32891987033337716,-20.438905634246268,2.8300792732152615,-0.12322392900878217,0.5738613306960122
2020-07-15,-0.4213372746456993,-19.13099001046643,4.352103848878034,1.4312736964336366,0.511366685058864
2020-07-16,0.9785928636649645,-21.101005042438008,3.9672232152505558,0.9904548561786789,0.766375007162512
2020-07-17,-0.5382990953166494,-21.156458417245922,5.368301788624818,0.3103209694367129,0.8102501290491987
2020-07-18,-0.03775503444853058,-21.19655332935036,3.9947104860054297,-0.02276835364303378,0.7126449688501801
2020-07-19,-1.5813107815109928,-21.923547701757705,3.2393732271026616,0.7126603094436196,0.6201937347692863
2020-07-20,0.7041903451231669,-19.539686663775832,3.7811702563971656,0.8898785780831866,0.6223376953138704
2020-07-21,1.9408669391818687,-19.605879296464593,2.703859795368038,-0.6546303025496252,0.6666527388107995
2020-07-22,0.7212253727997919,-20.013610068069028,4.47427352725053,-0.06322791017034411,0.6476033160010716
2020-07-23,1.461799167547305,-19.987647954635523,4.678026599020683,-1.4661990979956747,0.5686823180945336
2020-07-24,-0.8461021361773309,-21.990461693161354,6.577412469558549,0.8469428495873329,0.8274068237201264
2020-07-25,0.2363242820282007,-22.750329618506267,3.5064205224216476,1.8783854121404457,0.819522287546168
2020-07-26,-0.9431599243693896,-21.767089649060864,3.8805020195111894,0.07249677420583926,1.2348675935182394
2020-07-27,-0.22776554558134285,-22.39603500399364,3.5925781489084776,-2.3614089257251774,1.0386824421551295
2020-07-28,0.7722114773525048,-23.22491016679391,4.400490454638238,0.6205554658006726,1.717383770898284
2020-07-29,0.10182061310329862,-21.91538453027951,4.590107368146948,-1.1847997184874095,1.4816703796388908
2020-07-30,-1.4126410226012216,-20.575130129327682,4.175082069399144,-0.8074547010809162,1.4458988596502893
2020-07-31,-1.3150291055377534,-20.058139657166542,5.334822910861008,0.7534301297186973,1.3045165518648822
2020-08-01,-1.3811639314907738,-20.51325699120521,3.651557570393519,0.29074010094474245,1.178761785547096
2020-08-02,0.4914525899395903,-20.752728056321534,5.274751202199329,-0.5299435852350529,1.0056888993822808
2020-08-03,2.0638945356566682,-21.556878017896494,4.84711508811002,-0.651450782646094,0.896677150035592
2020-08-04,1.3624582440002129,-22.551651136925138,4.316627394730312,0.11915798395132403,0.8309999383600049
2020-08-05,-1.8959851991460643,-23.59606762523357,4.033760754032434,-0.3732655138373239,0.7169297444589056
2020-08-06,1.421075938069784,-24.21412203201878,6.795405233681269,-0.9392099815267088,0.6444428671401606
2020-08-07,0.9364004170146472,-25.248843022703525,3.571768904368141,-0.2669724068328097,0.6978716021220386
2020-08-08,-1.5452999455287577,-26.812548141246673,4.706750812238956,0.28369129576229035,0.6189884215991465
2020-08-09,-0.3032016167104975,-26.593145471492768,3.6786386451887294,-0.14012435802606207,0.5572628499730102
2020-08-10,1.0955224114958095,-26.35854989059933,6.234518544212488,-1.0551847366209242,0.4987555053352406
2020-08-11,0.5504335109347853,-24.657757132171014,5.355764204550707,0.6985033909613685,0.6160166285278579
2020-08-12,-1.3090950523879856,-25.326095500525717,3.8106280770706795,-2.149603450342712,0.6159993508999658
2020-08-13,0.6107421557961942,-25.029994910902445,5.0216130295033725,-0.35033248674968703,1.2359187297787666
2020-08-14,-2.1375005960805877,-24.717282331627644,4.7867538375090195,-0.6894862926780212,1.0571449115138463
2020-08-15,-0.22282217575721136,-24.971119892753176,4.032473434418047,0.15235389564337706,0.9670246313797094
2020-08-16,1.1379567694000488,-24.2267863040035,5.327302493781279,0.5523236778448932,0.8271014615314245
2020-08-17,0.018394215571319834,-23.451557117152785,4.978483747817837,1.0247375923401718,0.7574403859913561
2020-08-18,-0.4989375499619459,-23.124146021955244,4.824917150759699,-0.6200134495437498,0.8134653787663548
2020-08-19,0.8893462537723492,-23.37978572700304,4.587338805791739,0.5290521927587071,0.7584348046553548
2020-08-20,0.9747518150865815,-23.737315835557574,5.08035308979404,0.17053463583102552,0.6987322771237033
2020-08-21,1.3100396928669502,-25.105069734354633,4.898726338847168,-1.4306793132499163,0.6133481310016657
2020-08-22,0.8743424284463873,-25.910987512972323,4.748472090540047,1.4884374752231,0.8477049994055204
2020-08-23,1.0813747939371465,-26.53299503687401,4.068402921687787,-1.3246931591864781,1.0604809171716938
2020-08-24,0.7329085574375346,-27.656966799303444,6.4232251585981635,0.4319968402515483,1.1616065286366728
2020-08-25,0.26552864911647195,-27.21704283261578,3.6990790546474446,0.42029044979145186,1.0072784134074364
2020-08-26,0.08950899976381409,-26.020414963628767,5.197175297036058,0.2766380629247786,0.8823193400538343
2020-08-27,-0.237259719097402,-26.928477395957916,4.4693384160152005,-0.46456524025777435,0.7673347647218834
2020-08-28,-1.2123682930597257,-26.645035960213278,6.569166507926253,0.724653851821791,0.6962409411458714
2020-08-29,-0.9553115088198088,-27.679147099742988,3.9261767814134334,-1.3019870589415974,0.6857612336607208
2020-08-30,-0.28201448193520967,-27.98406927068215,4.114436137037263,-0.05451328190320787,0.8528845321762852
2020-08-31,0.2414521596024293,-28.674398849859923,3.899921415696091,-0.520748119199259,0.732753380426607
2020-09-01,1.4408125980042632,-28.072503201253483,5.2132446100688465,-0.5797739143774677,0.6768794948887205
2020-09-02,-0.04179722787551253,-28.75129137509566,3.5367689797099153,0.3527423231765803,0.6419242646798621
2020-09-03,1.003476290877664,-27.739630961389015,4.451331224681112,0.8632777077833464,0.5822034837278913
2020-09-04,1.0793156564321207,-27.985351735051214,2.797533976744913,-0.2619119028759007,0.6275500470956634
2020-09-05,-0.231446797688791,-28.634955444646046,5.2103612338876095,0.6184403866715874,0.5623297144067421
2020-09-06,0.5946902113701839,-29.888260706991208,4.489765101163577,0.037299851910208216,0.557234048305369
2020-09-07,-0.2435280417248615,-29.635056196695857,3.521963296148307,-0.6664077309143975,0.4959959304871738
2020-09-08,1.3221358940784769,-28.739837794469675,6.115669523214539,-0.1816678653246915,0.5134116339631105
2020-09-09,0.6358433382659322,-28.4665165379328,3.742433302015862,-0.21458987153730583,0.46567978916423297
2020-09-10,-1.1904837546883553,-26.227684871518377,5.867083970589338,-0.4754058436365201,0.42945115327634603
2020-09-11,0.16152465215384673,-24.79789741904796,4.389139536733639,0.28079567253073334,0.42746253004563955
2020-09-12,1.6481121618238797,-25.105425183764975,6.711791818777189,0.15341312925690687,0.4037969554933097
2020-09-13,-0.18123103454670117,-25.423452617572046,5.8798110599682305,-1.0107786674099384,0.3765679026289072
2020-09-14,0.44771503009506813,-24.953755898086694,4.1422527303283765,-1.0134610532894186,0.5045053492767775
2020-09-15,0.5458788377391453,-25.79177507851238,4.253258129152418,0.30164716666630037,0.6076697754015967
2020-09-16,-1.0366228991646005,-24.625486771979894,5.795905966747355,-0.6355416702607819,0.5497844722949484
2020-09-17,0.5107079492135139,-24.26388625013631,4.9480427109731995,0.22395582222659552,0.5504145600316385
2020-09-18,-1.3938351520346257,-24.007427339277776,5.061118414822322,0.5793725851951896,0.49785507957168934
2020-09-19,-0.6256241064013961,-23.32047367150696,6.522739863776105,-0.8967696594984526,0.49863495252871504
2020-09-20,1.075722967494192,-21.5976437881379,4.521852208794372,-0.9967441692154162,0.5695373353525177
2020-09-21,0.356756290308358,-21.426688435950396,5.381874934500104,1.2636550355357028,0.6546547091117537
2020-09-22,-0.304477807746527,-21.53972880682178,6.265249036137276,0.2844585056889845,0.8132473746146136
2020-09-23,0.44646102124518744,-20.031009183499204,6.13977881103089,-0.3780721852637721,0.7127353959105124
2020-09-24,-0.060092247755131445,-19.06345876750807,5.191088735284938,-0.7884666897387603,0.6416291033189285
2020-09-25,0.012578502351833248,-19.38443860789179,5.081835602113274,-0.40887207435980527,0.6565552407792826
2020-09-26,0.6568185267201376,-19.37925215923277,3.6519661006053203,-0.9646981003340794,0.6003206486021196
2020-09-27,-0.7273677406591319,-19.18387124329397,4.354576650621377,0.6844709498884737,0.669852882599923
2020-09-28,0.040336405554690695,-18.82205829868899,5.749220950021627,-0.6357284132730685,0.6561573782661229
2020-09-29,-0.3122681946066529,-20.178658149628106,5.313019614664978,0.8858017471631124,0.6355484949293023
2020-09-30,-1.5856033746002556,-21.721142757429668,5.545868962333761,-0.31938656481480027,0.6761355062350253
2020-10-01,-0.9204557562492998,-22.60853277943212,6.5302355735619155,-0.8579203475534216,0.60620957165565
2020-10-02,1.5682064470638322,-23.573271222443463,4.323698935025902,-0.3319161200128993,0.6453717557364477
2020-10-03,0.38472331458523407,-24.217095236415965,5.294881822015848,-2.1081252516219777,0.5828226511978207
2020-10-04,-1.3235883014013892,-23.582384594325962,5.739813167820035,-0.0921981398468964,1.1828869324371907
2020-10-05,-1.5403543758484106,-23.7513137506507,4.866982346994622,-0.1850226624672215,0.9975846204984368
2020-10-06,-0.11216390011058394,-23.55491914564051,7.022659478656876,0.8237461110088259,0.8532027042427184
2020-10-07,1.5611865331764823,-24.77922255568277,6.519809246502927,-1.7423604762866,0.8343458117044995
2020-10-08,-0.18675813480435263,-25.240864758603717,5.921395852138855,1.0612781502350266,1.1728496537624498
2020-10-09,1.306999553404016,-24.653607096858877,7.445534384539007,0.8886941298501523,1.1572264198349018
2020-10-10,0.3519307708186574,-24.058654638682075,4.172447405760599,1.346879088301142,1.0942477243324396
2020-10-11,0.47125045784589364,-24.783228466869982,5.68365648442538,-0.05514987884098183,1.197510671241389
2020-10-12,-1.3357205093045694,-24.621566080490428,6.077759814625444,1.1095157282183892,1.0084647633635375
2020-10-13,0.9375229217497576,-22.422718227008097,4.816907879057782,-1.4774577794499992,1.0414255833654273
2020-10-14,-0.3349320372736072,-22.440316156263737,6.052217547829753,0.7276669035633295,1.2105726902009402
2020-10-15,0.8630924536109083,-23.133503102406184,4.664960592384466,-0.8484797588158772,1.0978830205419687
2020-10-16,-0.814169981986113,-23.307265491768344,6.482140484606918,-1.7303374062192942,1.0362941016016123
2020-10-17,0.1770493475099125,-23.21508838424151,6.869458014621893,-1.144358539513188,1.3281454121855472
2020-10-18,0.3520029539376315,-23.36625676493206,6.1039967277816345,0.006374371295350609,1.308949799791951
2020-10-19,-0.15403331657586652,-23.397611465608563,3.998905591748681,-0.9430753168417666,1.0971659347249725
2020-10-20,0.4045451930861567,-24.841058262545403,4.904949965807913,0.3939208116191815,1.0611414057654078
2020-10-21,-0.26639707519250877,-25.803688737631354,6.45649357034743,-1.862696572014121,0.9221891654863335
2020-10-22,-0.6490597530412794,-25.95302397470285,5.933022290806955,-2.042666252409056,1.3081971102980403
2020-10-23,1.6054833827939645,-26.11829194472529,3.2378611097624215,1.5696879547290665,1.722430501048061
2020-10-24,1.0489528663614422,-26.68448121958529,7.194734191483471,1.1861599408424848,1.797532442121677
2020-10-25,-0.7608647450481768,-26.861494805661728,6.108600394029383,-1.4068141631611368,1.6990722644862588
2020-10-26,0.5684443055946129,-26.800479950247524,5.1729093039358265,-0.003909989255796521,1.7061267250396224
2020-10-27,-0.742678854701153,-25.911066493723,7.006979645662856,1.331667744996124,1.4149036732340952
2020-10-28,-1.1846846436623242,-26.010278228949048,5.354524115349614,0.4986379646766514,1.4479237860467356
2020-10-29,1.0338094413989762,-25.611175023650794,5.363652090812618,0.17835641410278377,1.2456350018099196
2020-10-30,-1.7040996256474057,-26.152775325084715,6.43049693959119,1.2222797806944499,1.0512796530156763
2020-10-31,0.9268559135765412,-25.58067960148623,7.873222827979769,-0.7492135986084206,1.115118901756712
2020-11-01,-0.2527223125730585,-25.204949303873875,7.735811626870682,0.032924189375669835,1.0262932738563366
2020-11-02,-0.21154660308052864,-24.339132300694054,6.491976027962222,-0.01808176538385456,0.8711972194219761
2020-11-03,0.4097512196232897,-23.625671838249566,6.614690268068756,-0.25459049321257055,0.7470068180734905
2020-11-04,0.5811988119942524,-23.03693621536842,6.963843621463583,-0.33690717346951843,0.6573279023439255
2020-11-05,-0.8263431768289082,-23.1353536240262,4.9354010941697295,0.059078478354423807,0.5928882884054234
2020-11-06,0.7177256087500634,-22.890414396981733,6.856573186851381,0.02649351024091247,0.5248341707150399
2020-11-07,0.1133705380252234,-21.826905468530207,5.498391461716191,-0.7595380136763956,0.4699726224847648
2020-11-08,-1.2560547928680381,-22.478980037933002,6.570983076816621,0.5496675720527986,0.5125127971207345
2020-11-09,-0.1698744835797392,-23.107387816629867,6.045077462573023,-0.6989941614571262,0.5053304036615505
2020-11-10,1.3812790155589258,-22.925956418679505,6.793793497454895,-0.1551347256153857,0.5275532485919131
2020-11-11,1.6765947982456966,-22.51067672841405,6.430728715507462,-0.21447065508473673,0.47565261633729466
2020-11-12,0.7173484576086773,-23.334783227678056,3.259635059840023,0.2469753714593613,0.4374217423537072
2020-11-13,-1.19034348816837,-23.409545791091364,6.531597122526823,-1.4015301411234278,0.40908691899908917
2020-11-14,0.4906069024558882,-23.503544565320148,7.0148984432812265,0.5698250533224943,0.6719125456708896
2020-11-15,0.8508609038591928,-25.718824680923618,6.838713919480738,-0.5549308279042541,0.6362351252458093
2020-11-16,0.7257079833187221,-25.938418670182376,6.310239705094025,0.9730957710225018,0.6051803337604226
2020-11-17,0.7849542886879182,-26.095736503030842,8.075027423393331,-0.3719804528659631,0.6761815739456196
2020-11-18,0.3632630792475308,-26.256029445853862,6.764278940744908,-0.040164207779366114,0.6117006777536508
2020-11-19,-0.0724123388305437,-24.840115171276594,6.910619191976673,1.4967968591646583,0.5396025167409022
2020-11-20,-0.6083674959040184,-26.05591346978547,7.537477865994456,-0.20372610852993076,0.8177421390334996
2020-11-21,-1.8979355185014963,-26.880536040990084,6.875619051800807,1.12028075061388,0.710419360321312
2020-11-22,0.33964176671335083,-29.492731839309418,5.635048378850326,0.0329096886105417,0.8065898322864493
2020-11-23,0.18605284365218855,-29.97364850548356,4.114768798645228,0.37308909055237377,0.695434322969826
2020-11-24,0.5575758428248162,-30.36929205960956,6.096025390567088,0.058340360016505846,0.6272267787992405
2020-11-25,-1.3375436932928941,-30.879269235943816,7.3541318986266075,0.6714785647192397,0.5522919626804208
2020-11-26,0.6450166893150603,-29.771591896460055,6.260130121488006,-0.5094620612139811,0.5594660895759482
2020-11-27,2.054545094620777,-28.910974374123093,7.434444905347861,-0.7360433578328234,0.5365056104332183
2020-11-28,0.07845013077791134,-28.83311764985579,6.802034789146726,-0.467734985741502,0.5604684620380473
2020-11-29,-0.06166531920654083,-29.203730703395653,7.9614127636489584,0.07464761648092919,0.5311911721634284
2020-11-30,0.309002356085701,-28.17754103528879,6.398170066426433,-0.16093905298965389,0.4757887777276853
2020-12-01,2.032337024710338,-28.197298895124643,7.1810416802751025,0.4899294549839652,0.43451622899872927
2020-12-02,-1.023647761699891,-29.015568934043102,7.2393519984030945,0.86005101960798,0.4336176138281162
2020-12-03,0.20320693339390494,-30.731817611527653,8.255108886659249,-0.6425861098632129,0.5078472545118019
2020-12-04,-0.7996574222976441,-31.173132105423335,5.066909787854099,-0.5230368819875936,0.5182153398978121
2020-12-05,-0.547004720844995,-30.418488488250727,6.335178899795539,-1.0339081869212097,0.5056074089061453
2020-12-06,-0.04959030788193934,-28.141949798707635,7.662143359897522,1.4437185683092821,0.6148308479723217
2020-12-07,1.3473232416135588,-28.08033945251816,8.379563814447987,0.23889485864841845,0.8545131740500078
2020-12-08,1.8009906006887368,-28.845694967638465,7.093778927471739,0.4435286973555116,0.7421711522633034
2020-12-09,0.4481421446267063,-30.03066017592268,6.581043330568493,-1.1545808914724573,0.6732445776173243
2020-12-10,-0.3765947230234853,-29.47870527961708,7.650905943824745,-0.000959993324922904,0.7885542173368596
2020-12-11,2.4927388666385184,-31.24332133200135,7.782530330542304,0.4522151398555243,0.6808435121075653
2020-12-12,-0.4275544813295202,-30.69297623059646,6.574206056803634,-0.20855856510512963,0.6253495895932351
2020-12-13,-0.5711359143597373,-29.87526462433355,7.2842151278088085,0.8506577717036191,0.5568041729363947
2020-12-14,-1.7749430445787269,-29.438985171100686,8.154475158203553,1.725072481487628,0.6039861350330809
2020-12-15,1.3960915692447435,-29.658646843039243,8.884446969226357,-0.736024507197103,0.979570167984347
2020-12-16,0.968245592371294,-29.09370618949243,7.756633015347516,-1.0115928342479883,0.9149159456666884
2020-12-17,2.417805536116446,-28.92276781836413,7.078207032938138,-0.8395845490672581,0.9354307658786325
2020-12-18,-1.3895233522181258,-29.70089166022472,7.000033040394958,1.5534784005166729,0.9040799449577768
2020-12-19,1.4581708074791095,-27.850479337849695,7.631544853786808,0.9911039427016395,1.1352582270969975
2020-12-20,0.07013551836612739,-28.20215871746021,6.978515534274057,-0.14440285324497568,1.1055496354634082
2020-12-21,0.8061002168001363,-27.426406417010302,7.303868955936216,0.038440703170743745,0.9375675359745201
2020-12-22,-1.647777141104471,-29.845020699706016,6.0763922725432735,-0.7906434432229377,0.8002756819286553
2020-12-23,1.4680818226652972,-28.568549816925085,8.451365813725626,0.7962016416705632,0.7839881036896377
2020-12-24,0.7865167513318304,-27.099786072270504,6.0341639702461105,-0.3363768623043588,0.7722810410815452
2020-12-25,-0.038910034786217525,-27.069952285143867,6.762277017102098,-0.22855402006036232,0.684797241889295
2020-12-26,0.6451126876611214,-26.511181250406107,7.312022118567245,0.5037886145322726,0.605673334524299
2020-12-27,-0.7654953010422492,-25.952666068798543,9.22545581776439,-0.14630709341850973,0.5726091128392912
2020-12-28,-0.5794400855816993,-26.595449638439266,6.831826033183744,-0.17780097546193493,0.5112981551091188
2020-12-29,-0.46344461362539624,-26.048327332999925,6.608533284235996,0.007561812934155978,0.4637805021185774
2020-12-30,-1.852727861690278,-26.85695780287248,6.743772261022919,0.5416484251576414,0.4210329788470896
2020-12-31,0.8617584942033671,-27.465714726517806,8.973526426128347,1.0683608524763237,0.43083383554903465
2021-01-01,1.1915936141825663,-26.33877158330551,4.522322345171333,0.38430106561708643,0.5658763051048183
2021-01-02,-0.7013441497638416,-25.364113892605307,6.351971406689088,0.604291118490711,0.5248541404390189
2021-01-03,0.3482030159448188,-26.0704893947211,10.106038208157546,-0.14478790816793868,0.5246584757342283
2021-01-04,-0.2655404746292363,-26.804065738222143,7.985671652649954,-0.5126814379810175,0.4728713113401298
2021-01-05,0.3282739620810305,-27.449662340679815,6.308844709979417,0.4497178118691699,0.4677233875996464
2021-01-06,-0.6275772412110292,-26.717022774214325,7.3929517573041865,0.11711212295501279,0.4545156266265763
2021-01-07,-0.8834251560876358,-27.717007555024722,7.52236438570714,-0.959104568871885,0.41566978870271554
2021-01-08,1.0520748860237426,-27.36029491598877,8.321075145705205,-0.21151455135602806,0.520518067066811
2021-01-09,-0.06387058512449259,-26.613448105354475,9.334491982782483,-0.05980766418042309,0.47312521446875017
2021-01-10,2.0221089508534758,-26.701693555647577,7.903581741399456,-0.3511138397658348,0.4290367150792079
2021-01-11,0.046309964794139964,-25.691629858782647,6.9952818372676,0.9705500652123886,0.4117215113346326
2021-01-12,-0.9260780403504922,-25.99594002827244,8.342194662539086,0.3078912564327672,0.5206723234302719
2021-01-13,1.2269408764359389,-26.209795629266353,6.876897603738342,0.9908504448257586,0.48075741261237975
2021-01-14,0.6308001641460198,-27.18704186039821,6.5618528847724935,0.18265031043641153,0.5818736206916144
2021-01-15,0.7268728636964236,-26.169864512778005,5.855321588965398,0.06208316340401107,0.5205030669386692
2021-01-16,1.1906006788679186,-26.936384959756875,6.070142146581763,-0.6757169107823295,0.4669806014276728
2021-01-17,-0.6527962938457945,-26.586613142041816,6.758865465118213,0.008152163289868475,0.4920734826697205
2021-01-18,-0.12725330898528756,-26.65792920916775,6.4975609337019335,0.009157061197686481,0.44366875480072215
2021-01-19,-0.17144983148779322,-27.710712272279412,8.008627308937843,-0.9106135666304689,0.4049475816060445
2021-01-20,-1.2907465369156184,-28.319815416102735,6.516029035899411,-0.34333095876043296,0.49834062544455515
2021-01-21,-0.2635901501582435,-26.936943177062002,4.591804639859022,-0.22821567715226143,0.4663539224421479
2021-01-22,1.3363794578768242,-26.73528563442752,6.711599247454622,0.2823656385089738,0.4308954972484281
2021-01-23,0.237338103793847,-27.74443597579436,7.30369145448299,0.302842350500208,0.4066759508703296
2021-01-24,-1.3460613278449878,-27.439107688445667,7.190141694492764,-0.3707134782120868,0.38909778408473733
2021-01-25,-1.555839411664935,-27.585221720040213,9.335155941834234,0.29247008848004824,0.38189249970700534
2021-01-26,1.6647760587482714,-24.131175317796032,7.22212878339622,-0.11252013783747142,0.3683448126639334
2021-01-27,-0.09031901025512999,-23.84605147645376,8.73663488604489,-1.741613062496667,0.34657496734399124
2021-01-28,-0.6474102057016173,-24.226676323520124,7.85676890332515,-0.2853470820693115,0.7822423827940459
2021-01-29,-0.2739917648970031,-22.80664840573302,7.853486857493733,0.9543057569509206,0.6880073498220574
2021-01-30,-1.477307754317332,-24.647684573025867,7.080451374478616,-1.3949941088182114,0.7370108015200962
2021-01-31,1.4230951495116198,-24.55336441664477,7.877089091906207,0.0967446441601464,0.9315099257617043
2021-02-01,-0.3930529375860296,-22.558935921963695,7.190815696749877,1.530011085789377,0.7966118695354145
2021-02-02,1.367401527738422,-22.67513520632345,8.145976218062184,-0.6788707603941324,1.0384295840240898
2021-02-03,0.05165171444731515,-24.40843625097153,7.759742351344247,0.002189985276788376,0.9498734936169879
2021-02-04,1.4295319745684398,-24.804354215382126,7.0714041309366555,-1.2709131993639242,0.8098995142989173
2021-02-05,0.2566944990430854,-23.34983617442309,9.027966483989172,1.4644171838674194,0.9402026654867508
2021-02-06,0.853232662869076,-22.973766578102317,8.482952704470323,-0.08080268865689272,1.1238397856503282
2021-02-07,0.7190930460883368,-23.812622687614834,7.62808957046697,0.0494297268764637,0.95005118969439
2021-02-08,0.6232910662519707,-24.497865494793857,8.24168543180485,1.320044374961208,0.8104074464403743
2021-02-09,0.3479344771827106,-25.05756576594367,8.032409943427897,0.5954802680324175,0.9597035299323085
2021-02-10,-0.2328507161155849,-24.696367881889675,7.268681607826905,-0.8578049538639193,0.8709523363882408
2021-02-11,1.9154346915728602,-23.358171748951023,8.226808854271663,-0.6040710038798526,0.8571362699416147
2021-02-12,-0.9069369850959007,-22.305748736151852,7.555340950603447,0.45821558901516424,0.7904442826125537
2021-02-13,0.004307642343159692,-21.849736554042725,7.251458949951043,-0.5548868914458052,0.7138496549925202
2021-02-14,0.01488587520759545,-23.181381314100207,6.593665535464938,-1.7888509118546911,0.6672646433387746
2021-02-15,0.4024407533435215,-24.50931382809365,7.877865592353153,-0.04349042163639717,1.0638098523975237
2021-02-16,-0.4294726458945011,-23.976061806879887,8.823483685635829,-1.5267084831628681,0.9013315944341357
2021-02-17,0.31474630558958777,-25.32153290481278,7.581893752833565,1.5344734110370122,1.1206910944315285
2021-02-18,-0.16884258520296613,-25.547099925881383,10.817301878530714,0.1871521640390987,1.2997441729221573
2021-02-19,-1.5819525174378992,-25.242949479695206,9.202318920185798,-1.0319568007025215,1.0950492282134034
2021-02-20,0.009552286256846456,-26.380543475057895,9.641003479353865,-0.731081094891707,1.0857796083481503
2021-02-21,-1.1005653330301517,-27.404805809416757,9.151956438927465,-1.9687664373656626,0.9987956217747289
2021-02-22,-1.734385762448901,-27.498926873984576,10.2296184819526,-1.0987996033325085,1.4304426901544058
2021-02-23,0.13687332068938496,-26.995276586460523,7.609791603701806,1.2155338904128685,1.3754582373660764
2021-02-24,0.48788334201956646,-25.933757816046768,5.856096281676049,2.6174372665625576,1.3719949857041978
2021-02-25,0.5266980421045764,-25.326704381276215,7.990748139142106,0.8508441416012187,2.175242665221929
2021-02-26,0.5671707070196942,-25.25304778628402,9.015132403202847,-0.13575081476778297,1.8987844951721105
2021-02-27,-1.9325890209406105,-25.99924253984107,8.62847087956361,-0.5952244236400565,1.571791838694206
2021-02-28,-1.3610169279074695,-27.07014953568559,8.772466598943735,-1.1991695392918127,1.3605772881300107
2021-03-01,1.9735214368136709,-27.58102662401474,9.837944070806145,2.4025889338090014,1.3541629680988092
2021-03-02,-1.0472087600770361,-27.171091039034174,8.919131722759094,-0.21964404844662894,1.9991954122082687
2021-03-03,0.6108410311366891,-26.83446733240683,9.356027156047936,2.9913505160026173,1.6565928559693188
2021-03-04,-0.686937621665846,-28.934369318131953,7.637591566764474,1.7935807965610302,2.717500971213824
2021-03-05,0.07967273926756446,-29.720046346399457,7.501800699561517,-2.869675842051862,2.706540588039934
2021-03-06,-0.6332542022735941,-28.5155387947933,10.231348391962364,-1.0955960499105795,3.4504883862003566
2021-03-07,0.5615411546196448,-28.43632374698916,8.738176084245264,-1.2427841191565527,2.990440314647235
2021-03-08,0.13677411731669906,-29.853332660092146,8.034085445812382,-0.13807743611663656,2.6740291067419477
2021-03-09,-0.4482897736442336,-27.497511478493994,8.05596021587172,-0.09862863425412995,2.19208309214824
2021-03-10,-1.0501721196807103,-27.526453210808757,8.0482716679409,4.436137232177142,1.8051256148428174
2021-03-11,0.2677741974925111,-27.142119251495348,8.008475848693637,-1.4473091148099595,4.445997523280495
2021-03-12,-1.21271879904259,-26.742594495450213,7.454327147296139,0.48279534082931036,3.921003569696194
2021-03-13,0.4274810421208385,-27.1101899616104,7.257094627839611,1.2207792924776508,3.221766556925929
2021-03-14,2.6264849090369,-27.837763643431792,8.582550732566022,-0.002821634851785214,2.850958557682078
2021-03-15,1.350170051262012,-25.71608865836585,8.204669320060361,0.18603750122651344,2.3307680403891484
2021-03-16,0.7183478868941628,-24.7128827887481,9.924794555984377,-1.5950943922758691,1.9198059250907096
2021-03-17,-0.08560729774114767,-23.890945587639422,9.13075200396832,0.14754414198860497,1.9674936581130562
2021-03-18,-1.9387526270035254,-23.31465639592121,9.123033110939707,0.7173259493825092,1.627260317565718
2021-03-19,-1.3222863959001843,-24.317973786282895,8.134635103467593,0.41790078272075554,1.4289917317012022
2021-03-20,1.2827928561027135,-23.040443594542623,8.776767175402387,0.681620681860938,1.2193895449907548
2021-03-21,-0.7897560801247798,-23.883576252554374,9.278836774974126,1.5598860149171374,1.0952026490836895
2021-03-22,-0.6992520981640467,-23.60028945440373,9.654071491215682,0.9805535712737334,1.291148776197062
2021-03-23,-0.16565047568402144,-25.239679359868298,8.86402400514496,0.0810111622459655,1.2271418168783004
2021-03-24,-1.0620462588465547,-27.280538210515818,10.057079691147857,-1.2980321087998392,1.0326978747639066
2021-03-25,-1.2267687345516363,-26.962247007862704,9.005985300891911,-0.6097358211252594,1.1288914031324289
2021-03-26,-0.050474072781421825,-27.771346275057613,9.810883190661967,-0.23335656439679572,1.0088797882404372
2021-03-27,-0.8915294546720363,-29.760513846354886,8.548223943715458,0.2534637438925325,0.8652721235144112
2021-03-28,-0.7410185797788948,-29.219904343407812,7.245527865896287,-0.44494515621936576,0.7518542792317319
2021-03-29,-0.781191026147006,-27.099823572357025,9.346515300643773,-0.8113698698311271,0.6811798521918468
2021-03-30,0.5223602138344686,-25.710263313776963,9.823520455932197,-0.9806633975181891,0.6936920416039445
2021-03-31,-0.23212569049535728,-25.967581199042634,9.69358380475346,-1.3752358533628741,0.7492087381679433
2021-04-01,-0.17857196789385368,-25.95873589234569,9.560463214543653,-0.20336591602195755,0.9330580383905616
2021-04-02,0.5969458973088833,-25.071029635561775,8.809729667311545,-1.4196222960405822,0.8026500850823668
2021-04-03,-0.14203960823294015,-23.948901615726868,8.37161046198126,-0.8963783730975902,0.9944191875782237
2021-04-04,-0.27825376845717287,-24.292437334552567,9.750125062630953,-0.3928011887854382,0.9660594782261414
2021-04-05,0.47045035557017084,-24.258259618827992,9.64488428994577,-1.3130507434529073,0.8459914986676011
2021-04-06,0.668197843557631,-23.957644812063457,8.67757786306399,0.34928769385512565,0.9854085371664159
2021-04-07,-0.14707349950860418,-23.403768491784625,10.367941223260193,0.734802749709134,0.8566271136949275
2021-04-08,0.0806077756205216,-23.53684493379589,8.395691599680857,-0.508517521520371,0.8162919531029577
2021-04-09,-0.781790229733328,-23.656930178864634,8.715073815597737,-0.3948492635416266,0.7418220729363494
2021-04-10,-0.8606830431645255,-22.277097849110245,10.955062486890762,0.462883388665568,0.6668435494869842
2021-04-11,0.7691475019668077,-21.067577146667357,10.20725929244333,-0.5830518891996895,0.6156139943149653
2021-04-12,0.4449420625446217,-20.59016657323127,9.000708128978717,-0.6141414241199916,0.5934836212768714
2021-04-13,0.4552984384165761,-18.87105750320834,9.66613822467361,0.9217571595090963,0.5813623503445169
2021-04-14,0.28085434872552223,-19.257503265434757,9.553589839714219,0.6741676974768012,0.6425353194415552
2021-04-15,0.04620327581495357,-17.634529816805376,6.673223810373323,0.48219226061412074,0.6322035682014199
2021-04-16,0.6964118908227692,-17.092014373269826,8.53240380603764,0.7359914230786232,0.5906392609905593
2021-04-17,0.9351087610227838,-13.820988251055237,9.40807121856206,-1.5195991766854102,0.603763915019242
2021-04-18,0.9112280051906476,-15.013470177837714,9.122346439272356,1.0519606371753392,0.8793883806828401
2021-04-19,-0.10077791594598683,-15.702815430055056,9.746100560822404,0.3676590339027483,0.9195038818712239
2021-04-20,1.386992729908838,-15.284017601854508,10.648520389100224,0.9692460019394216,0.8058790802785245
2021-04-21,0.22846068173232117,-14.886783548875517,9.217542371658698,0.34755810284893296,0.8356189360641526
2021-04-22,0.6323761925657985,-12.936644564700499,8.501463440350081,0.0447232560488419,0.7366146440797146
2021-04-23,0.28208789083487973,-13.605019248000033,9.904009975144312,-0.23628759295115037,0.6395917407085132
2021-04-24,0.2470067074841741,-12.700100729306149,9.272575063225784,0.29362180524976117,0.5700481665542079
2021-04-25,-0.7357519902503197,-11.537637724624153,9.463174976132004,-0.2353744540384688,0.5189705979210856
2021-04-26,0.701350838344826,-10.832989892403505,9.347504837961148,0.6252145921202424,0.4734866483789546
2021-04-27,2.845294394907639,-11.793986234327825,11.901156437285534,-1.0916466252463692,0.48742331163317587
2021-04-28,-0.3747950747900833,-10.386227429073626,7.438654456436924,-0.37810502354059206,0.6186925024683088
2021-04-29,0.07099471542494816,-9.156902497758212,9.311064894462545,1.60839680137044,0.5663985132986418
2021-04-30,-0.4462052643472624,-8.557317977967834,9.71574985210712,-0.4711847266976289,0.8911598512377128
2021-05-01,-0.48801990156193453,-8.35297029075888,8.958336465633053,-0.22532044986012498,0.7962301379911381
2021-05-02,1.5444494781186728,-8.126862280714509,10.659344870204434,-0.7875422226755809,0.6945995061616859
2021-05-03,-0.6729710177274647,-8.205598072953887,10.592816796956111,0.2799026384115484,0.6987130178038679
2021-05-04,-0.4740804733663613,-7.564812938701245,9.751844579908253,-0.615436866707994,0.6207222372915563
2021-05-05,-1.5874928237313013,-7.533678085756267,9.54896552321342,-0.14623529653952427,0.603392170368748
2021-05-06,-0.7576117245422473,-8.382203061108909,9.727722524485788,0.659385280935735,0.5359214505880989
2021-05-07,-1.7083998929533477,-9.430794705936501,9.754932785229945,-0.5115413333718121,0.5439555027776839
2021-05-08,0.6318046992119288,-10.182830959588793,9.801386490912314,0.5816270329386899,0.5244155825843189
2021-05-09,2.7996972218373095,-9.960698717039342,9.711800497681596,0.5954300530015701,0.5202759668842147
2021-05-10,-0.36667879365052214,-9.987654553474549,10.17228899395111,0.7609414961773494,0.5194013157099897
2021-05-11,-1.6667579329902373,-9.7723107601858,10.693091824346903,0.10128719551936752,0.5523758466586852
2021-05-12,0.8999996644297332,-9.27149762663969,8.729659692080782,2.408968305727457,0.493439541723375
2021-05-13,-0.7269249589301569,-9.898818552556568,8.92929602060653,0.740759851711981,1.315220878078612
2021-05-14,1.2993469305535403,-8.43315838421122,8.251481970516476,0.37257966508613793,1.184485476149143
