date,sales,temp,holiday,promo
2022-01-01,1041.0,2.8,1.0,1.0
2022-01-02,1064.0,6.0,1.0,1.0
2022-01-03,727.0,2.1,1.0,1.0
2022-01-04,825.0,5.3,1.0,1.0
2022-01-05,940.0,1.7,1.0,1.3
2022-01-06,742.0,2.9,1.0,1.0
2022-01-07,705.0,0.9,1.0,1.0
2022-01-08,1083.0,3.9,1.0,1.0
2022-01-09,1387.0,5.9,1.0,1.3
2022-01-10,787.0,2.8,1.0,1.0
2022-01-11,813.0,2.6,1.0,1.0
2022-01-12,864.0,0.8,1.0,1.0
2022-01-13,676.0,2.6,1.0,1.0
2022-01-14,697.0,-0.1,1.0,1.0
2022-01-15,925.0,1.2,1.0,1.0
2022-01-16,935.0,3.5,1.0,1.0
2022-01-17,727.0,5.8,1.0,1.0
2022-01-18,1025.0,8.8,1.0,1.3
2022-01-19,685.0,2.0,1.0,1.0
2022-01-20,792.0,6.1,1.0,1.0
2022-01-21,755.0,3.8,1.0,1.0
2022-01-22,995.0,3.0,1.0,1.0
2022-01-23,1010.0,4.2,1.0,1.0
2022-01-24,773.0,3.5,1.0,1.0
2022-01-25,730.0,3.7,1.0,1.0
2022-01-26,830.0,2.7,1.0,1.0
2022-01-27,729.0,0.8,1.0,1.0
2022-01-28,827.0,0.6,1.0,1.3
2022-01-29,1381.0,5.0,1.5,1.0
2022-01-30,1285.0,3.2,1.5,1.0
2022-01-31,1095.0,2.7,1.5,1.0
2022-02-01,1102.0,4.0,1.5,1.0
2022-02-02,1099.0,5.6,1.5,1.0
2022-02-03,1247.0,4.5,1.5,1.0
2022-02-04,1125.0,2.9,1.5,1.0
2022-02-05,1548.0,6.7,1.5,1.0
2022-02-06,1223.0,7.5,1.0,1.3
2022-02-07,702.0,5.5,1.0,1.0
2022-02-08,757.0,6.5,1.0,1.0
2022-02-09,768.0,7.2,1.0,1.0
2022-02-10,673.0,7.1,1.0,1.0
2022-02-11,740.0,6.1,1.0,1.0
2022-02-12,973.0,6.2,1.0,1.0
2022-02-13,958.0,6.2,1.0,1.0
2022-02-14,682.0,3.1,1.0,1.0
2022-02-15,725.0,6.8,1.0,1.0
2022-02-16,705.0,2.8,1.0,1.0
2022-02-17,727.0,4.0,1.0,1.0
2022-02-18,787.0,8.4,1.0,1.0
2022-02-19,1354.0,7.6,1.0,1.3
2022-02-20,974.0,9.0,1.0,1.0
2022-02-21,927.0,5.6,1.0,1.3
2022-02-22,737.0,4.0,1.0,1.0
2022-02-23,762.0,6.0,1.0,1.0
2022-02-24,722.0,6.8,1.0,1.0
2022-02-25,777.0,6.9,1.0,1.0
2022-02-26,1044.0,9.2,1.0,1.0
2022-02-27,1029.0,6.3,1.0,1.0
2022-02-28,1076.0,7.9,1.0,1.3
2022-03-01,893.0,5.4,1.0,1.3
2022-03-02,751.0,8.4,1.0,1.0
2022-03-03,744.0,7.7,1.0,1.0
2022-03-04,727.0,6.4,1.0,1.0
2022-03-05,926.0,7.6,1.0,1.0
2022-03-06,880.0,7.8,1.0,1.0
2022-03-07,746.0,7.8,1.0,1.0
2022-03-08,733.0,12.1,1.0,1.0
2022-03-09,751.0,8.5,1.0,1.0
2022-03-10,923.0,8.4,1.0,1.3
2022-03-11,667.0,4.9,1.0,1.0
2022-03-12,971.0,7.5,1.0,1.0
2022-03-13,981.0,8.9,1.0,1.0
2022-03-14,768.0,8.2,1.0,1.0
2022-03-15,868.0,12.6,1.0,1.0
2022-03-16,994.0,9.7,1.0,1.3
2022-03-17,789.0,12.8,1.0,1.0
2022-03-18,708.0,10.5,1.0,1.0
2022-03-19,908.0,10.6,1.0,1.0
2022-03-20,1077.0,10.6,1.0,1.0
2022-03-21,717.0,11.0,1.0,1.0
2022-03-22,721.0,14.6,1.0,1.0
2022-03-23,726.0,6.7,1.0,1.0
2022-03-24,731.0,7.5,1.0,1.0
2022-03-25,716.0,10.7,1.0,1.0
2022-03-26,1266.0,12.0,1.0,1.3
2022-03-27,1393.0,13.5,1.0,1.3
2022-03-28,730.0,13.3,1.0,1.0
2022-03-29,698.0,11.8,1.0,1.0
2022-03-30,813.0,14.8,1.0,1.0
2022-03-31,792.0,15.0,1.0,1.0
2022-04-01,740.0,13.5,1.0,1.0
2022-04-02,906.0,15.3,1.0,1.0
2022-04-03,956.0,14.1,1.0,1.0
2022-04-04,764.0,12.6,1.0,1.0
2022-04-05,825.0,15.4,1.0,1.0
2022-04-06,723.0,14.4,1.0,1.0
2022-04-07,767.0,14.4,1.0,1.0
2022-04-08,1038.0,17.5,1.0,1.3
2022-04-09,1093.0,9.9,1.0,1.3
2022-04-10,1059.0,12.2,1.0,1.0
2022-04-11,715.0,12.8,1.0,1.0
2022-04-12,789.0,14.7,1.0,1.0
2022-04-13,786.0,15.1,1.0,1.0
2022-04-14,821.0,12.8,1.0,1.0
2022-04-15,800.0,14.1,1.0,1.0
2022-04-16,865.0,14.5,1.0,1.0
2022-04-17,929.0,21.4,1.0,1.0
2022-04-18,765.0,20.3,1.0,1.0
2022-04-19,998.0,16.0,1.0,1.3
2022-04-20,800.0,16.3,1.0,1.0
2022-04-21,816.0,15.0,1.0,1.0
2022-04-22,807.0,13.6,1.0,1.0
2022-04-23,997.0,17.4,1.0,1.0
2022-04-24,903.0,15.9,1.0,1.0
2022-04-25,756.0,17.9,1.0,1.0
2022-04-26,803.0,15.1,1.0,1.0
2022-04-27,731.0,16.9,1.0,1.0
2022-04-28,804.0,19.0,1.0,1.0
2022-04-29,814.0,19.6,1.0,1.0
2022-04-30,1010.0,19.9,1.0,1.0
2022-05-01,835.0,16.6,1.0,1.0
2022-05-02,706.0,21.1,1.0,1.0
2022-05-03,1135.0,18.0,1.0,1.3
2022-05-04,742.0,21.1,1.0,1.0
2022-05-05,889.0,20.0,1.0,1.3
2022-05-06,849.0,17.4,1.0,1.0
2022-05-07,1015.0,19.7,1.0,1.0
2022-05-08,1388.0,21.3,1.0,1.3
2022-05-09,1012.0,22.0,1.0,1.3
2022-05-10,799.0,20.6,1.0,1.0
2022-05-11,765.0,24.2,1.0,1.0
2022-05-12,790.0,23.3,1.0,1.0
2022-05-13,886.0,20.9,1.0,1.0
2022-05-14,1049.0,23.1,1.0,1.0
2022-05-15,871.0,25.7,1.0,1.0
2022-05-16,987.0,25.9,1.0,1.3
2022-05-17,848.0,19.7,1.0,1.0
2022-05-18,847.0,20.4,1.0,1.0
2022-05-19,728.0,25.4,1.0,1.0
2022-05-20,1102.0,20.5,1.0,1.3
2022-05-21,1093.0,20.1,1.0,1.0
2022-05-22,1176.0,22.0,1.0,1.0
2022-05-23,733.0,23.9,1.0,1.0
2022-05-24,754.0,23.0,1.0,1.0
2022-05-25,773.0,22.1,1.0,1.0
2022-05-26,765.0,22.2,1.0,1.0
2022-05-27,747.0,22.3,1.0,1.0
2022-05-28,859.0,22.1,1.0,1.0
2022-05-29,929.0,28.5,1.0,1.0
2022-05-30,1024.0,24.7,1.0,1.3
2022-05-31,737.0,26.0,1.0,1.0
2022-06-01,878.0,23.4,1.0,1.0
2022-06-02,1016.0,24.1,1.0,1.3
2022-06-03,853.0,23.2,1.0,1.0
2022-06-04,1414.0,19.4,1.0,1.3
2022-06-05,1098.0,22.1,1.0,1.0
2022-06-06,827.0,21.4,1.0,1.0
2022-06-07,888.0,20.6,1.0,1.0
2022-06-08,806.0,22.8,1.0,1.0
2022-06-09,779.0,28.0,1.0,1.0
2022-06-10,1040.0,25.3,1.0,1.3
2022-06-11,969.0,28.1,1.0,1.0
2022-06-12,1032.0,26.4,1.0,1.0
2022-06-13,1134.0,27.3,1.0,1.3
2022-06-14,790.0,24.0,1.0,1.0
2022-06-15,795.0,26.9,1.0,1.0
2022-06-16,831.0,27.4,1.0,1.0
2022-06-17,854.0,24.9,1.0,1.0
2022-06-18,1012.0,27.2,1.0,1.0
2022-06-19,868.0,27.3,1.0,1.0
2022-06-20,827.0,25.2,1.0,1.0
2022-06-21,706.0,24.1,1.0,1.0
2022-06-22,889.0,24.0,1.0,1.0
2022-06-23,800.0,26.6,1.0,1.0
2022-06-24,836.0,27.2,1.0,1.0
2022-06-25,1299.0,25.0,1.0,1.3
2022-06-26,940.0,26.7,1.0,1.0
2022-06-27,800.0,27.8,1.0,1.0
2022-06-28,787.0,28.0,1.0,1.0
2022-06-29,751.0,29.9,1.0,1.0
2022-06-30,784.0,29.4,1.0,1.0
2022-07-01,962.0,24.8,1.0,1.0
2022-07-02,1060.0,30.2,1.0,1.0
2022-07-03,1130.0,25.8,1.0,1.0
2022-07-04,829.0,29.0,1.0,1.0
2022-07-05,881.0,27.1,1.0,1.0
2022-07-06,811.0,26.1,1.0,1.0
2022-07-07,970.0,23.4,1.0,1.3
2022-07-08,809.0,26.6,1.0,1.0
2022-07-09,1158.0,23.9,1.0,1.0
2022-07-10,980.0,28.9,1.0,1.0
2022-07-11,785.0,30.0,1.0,1.0
2022-07-12,1045.0,25.4,1.0,1.3
2022-07-13,892.0,27.6,1.0,1.0
2022-07-14,879.0,25.5,1.0,1.0
2022-07-15,874.0,25.7,1.0,1.0
2022-07-16,1098.0,28.5,1.0,1.0
2022-07-17,1079.0,26.8,1.0,1.0
2022-07-18,812.0,30.4,1.0,1.0
2022-07-19,785.0,25.9,1.0,1.0
2022-07-20,711.0,28.8,1.0,1.0
2022-07-21,845.0,27.0,1.0,1.0
2022-07-22,842.0,28.3,1.0,1.0
2022-07-23,1546.0,25.8,1.0,1.3
2022-07-24,1566.0,26.6,1.0,1.3
2022-07-25,930.0,26.4,1.0,1.0
2022-07-26,1061.0,24.9,1.0,1.3
2022-07-27,821.0,27.8,1.0,1.0
2022-07-28,1125.0,27.7,1.0,1.3
2022-07-29,973.0,27.6,1.0,1.0
2022-07-30,1173.0,29.4,1.0,1.0
2022-07-31,1155.0,29.1,1.0,1.0
2022-08-01,851.0,25.4,1.0,1.0
2022-08-02,812.0,26.8,1.0,1.0
2022-08-03,924.0,24.8,1.0,1.0
2022-08-04,813.0,26.0,1.0,1.0
2022-08-05,1136.0,24.6,1.0,1.3
2022-08-06,1414.0,29.0,1.0,1.3
2022-08-07,1239.0,26.4,1.0,1.0
2022-08-08,867.0,25.1,1.0,1.0
2022-08-09,732.0,27.8,1.0,1.0
2022-08-10,960.0,21.0,1.0,1.0
2022-08-11,892.0,21.2,1.0,1.0
2022-08-12,875.0,26.7,1.0,1.0
2022-08-13,1154.0,25.2,1.0,1.0
2022-08-14,1139.0,25.4,1.0,1.0
2022-08-15,1263.0,22.1,1.0,1.3
2022-08-16,819.0,24.6,1.0,1.0
2022-08-17,834.0,28.6,1.0,1.0
2022-08-18,1202.0,26.1,1.0,1.3
2022-08-19,1134.0,24.6,1.0,1.3
2022-08-20,1083.0,23.3,1.0,1.0
2022-08-21,1249.0,23.2,1.0,1.0
2022-08-22,1024.0,19.6,1.0,1.0
2022-08-23,912.0,24.3,1.0,1.0
2022-08-24,797.0,25.3,1.0,1.0
2022-08-25,998.0,20.3,1.0,1.0
2022-08-26,849.0,22.0,1.0,1.0
2022-08-27,1643.0,20.9,1.0,1.3
2022-08-28,1525.0,21.1,1.0,1.3
2022-08-29,870.0,23.0,1.0,1.0
2022-08-30,949.0,18.5,1.0,1.0
2022-08-31,918.0,23.8,1.0,1.0
2022-09-01,892.0,23.9,1.0,1.0
2022-09-02,986.0,21.7,1.0,1.0
2022-09-03,1248.0,17.1,1.0,1.0
2022-09-04,1336.0,19.9,1.0,1.0
2022-09-05,944.0,24.2,1.0,1.0
2022-09-06,950.0,16.0,1.0,1.0
2022-09-07,916.0,20.7,1.0,1.0
2022-09-08,884.0,18.8,1.0,1.0
2022-09-09,965.0,22.6,1.0,1.0
2022-09-10,1245.0,19.5,1.0,1.0
2022-09-11,1072.0,21.5,1.0,1.0
2022-09-12,930.0,21.6,1.0,1.0
2022-09-13,885.0,24.0,1.0,1.0
2022-09-14,1072.0,19.7,1.0,1.0
2022-09-15,1134.0,20.7,1.0,1.3
2022-09-16,1184.0,16.8,1.0,1.3
2022-09-17,1332.0,21.9,1.0,1.0
2022-09-18,1815.0,17.8,1.0,1.3
2022-09-19,948.0,18.0,1.0,1.0
2022-09-20,950.0,18.9,1.0,1.0
2022-09-21,1350.0,15.6,1.0,1.3
2022-09-22,850.0,19.0,1.0,1.0
2022-09-23,869.0,20.3,1.0,1.0
2022-09-24,1265.0,18.7,1.0,1.0
2022-09-25,1425.0,14.8,1.0,1.0
2022-09-26,1263.0,17.5,1.0,1.3
2022-09-27,1293.0,19.0,1.0,1.3
2022-09-28,1391.0,13.6,1.0,1.3
2022-09-29,1130.0,15.0,1.0,1.0
2022-09-30,1244.0,18.7,1.0,1.3
2022-10-01,1751.0,17.3,1.35,1.0
2022-10-02,1944.0,17.4,1.35,1.0
2022-10-03,1204.0,20.1,1.35,1.0
2022-10-04,1433.0,17.1,1.35,1.0
2022-10-05,1266.0,17.2,1.35,1.0
2022-10-06,1320.0,21.1,1.35,1.0
2022-10-07,1335.0,15.1,1.35,1.0
2022-10-08,1596.0,13.7,1.0,1.3
2022-10-09,1226.0,16.0,1.0,1.0
2022-10-10,1019.0,15.8,1.0,1.0
2022-10-11,1061.0,13.6,1.0,1.0
2022-10-12,989.0,12.4,1.0,1.0
2022-10-13,993.0,18.9,1.0,1.0
2022-10-14,1347.0,14.7,1.0,1.3
2022-10-15,1218.0,12.4,1.0,1.0
2022-10-16,1359.0,15.5,1.0,1.0
2022-10-17,1361.0,13.2,1.0,1.3
2022-10-18,1151.0,12.7,1.0,1.0
2022-10-19,1269.0,14.2,1.0,1.3
2022-10-20,952.0,10.3,1.0,1.0
2022-10-21,1354.0,13.3,1.0,1.3
2022-10-22,1359.0,16.3,1.0,1.0
2022-10-23,1251.0,13.2,1.0,1.0
2022-10-24,960.0,11.3,1.0,1.0
2022-10-25,1012.0,10.8,1.0,1.0
2022-10-26,931.0,10.8,1.0,1.0
2022-10-27,956.0,10.9,1.0,1.0
2022-10-28,981.0,10.5,1.0,1.0
2022-10-29,1771.0,12.9,1.0,1.3
2022-10-30,1184.0,7.4,1.0,1.0
2022-10-31,876.0,12.4,1.0,1.0
2022-11-01,855.0,9.7,1.0,1.0
2022-11-02,902.0,11.0,1.0,1.0
2022-11-03,872.0,7.8,1.0,1.0
2022-11-04,973.0,12.6,1.0,1.0
2022-11-05,1183.0,12.2,1.0,1.0
2022-11-06,1577.0,11.4,1.0,1.3
2022-11-07,883.0,6.3,1.0,1.0
2022-11-08,943.0,10.8,1.0,1.0
2022-11-09,1035.0,9.8,1.0,1.0
2022-11-10,952.0,5.6,1.0,1.0
2022-11-11,947.0,8.6,1.0,1.0
2022-11-12,1202.0,9.2,1.0,1.0
2022-11-13,1205.0,9.4,1.0,1.0
2022-11-14,960.0,8.5,1.0,1.0
2022-11-15,974.0,8.5,1.0,1.0
2022-11-16,906.0,10.7,1.0,1.0
2022-11-17,954.0,10.1,1.0,1.0
2022-11-18,759.0,1.7,1.0,1.0
2022-11-19,1207.0,6.7,1.0,1.0
2022-11-20,1247.0,6.8,1.0,1.0
2022-11-21,864.0,3.5,1.0,1.0
2022-11-22,1017.0,7.0,1.0,1.0
2022-11-23,887.0,9.2,1.0,1.0
2022-11-24,896.0,4.4,1.0,1.0
2022-11-25,911.0,7.1,1.0,1.0
2022-11-26,1141.0,4.4,1.0,1.0
2022-11-27,1143.0,4.8,1.0,1.0
2022-11-28,934.0,8.9,1.0,1.0
2022-11-29,927.0,4.7,1.0,1.0
2022-11-30,976.0,6.6,1.0,1.0
2022-12-01,1103.0,1.8,1.0,1.3
2022-12-02,969.0,9.2,1.0,1.0
2022-12-03,1451.0,6.5,1.0,1.3
2022-12-04,1191.0,4.8,1.0,1.0
2022-12-05,1104.0,6.2,1.0,1.3
2022-12-06,900.0,2.1,1.0,1.0
2022-12-07,1322.0,7.2,1.0,1.3
2022-12-08,856.0,4.1,1.0,1.0
2022-12-09,749.0,4.2,1.0,1.0
2022-12-10,1073.0,3.6,1.0,1.0
2022-12-11,1185.0,3.3,1.0,1.0
2022-12-12,903.0,5.7,1.0,1.0
2022-12-13,875.0,4.8,1.0,1.0
2022-12-14,920.0,5.5,1.0,1.0
2022-12-15,876.0,4.1,1.0,1.0
2022-12-16,1200.0,5.0,1.0,1.3
2022-12-17,1149.0,3.1,1.0,1.0
2022-12-18,1263.0,8.3,1.0,1.0
2022-12-19,829.0,0.6,1.0,1.0
2022-12-20,913.0,6.2,1.0,1.0
2022-12-21,850.0,6.4,1.0,1.0
2022-12-22,788.0,1.9,1.0,1.0
2022-12-23,969.0,8.0,1.0,1.0
2022-12-24,1121.0,5.4,1.0,1.0
2022-12-25,1157.0,5.3,1.0,1.0
2022-12-26,833.0,3.4,1.0,1.0
2022-12-27,791.0,2.9,1.0,1.0
2022-12-28,1064.0,2.8,1.0,1.3
2022-12-29,1169.0,4.0,1.0,1.3
2022-12-30,1138.0,6.0,1.0,1.3
2022-12-31,956.0,3.5,1.0,1.0
2023-01-01,1023.0,1.3,1.0,1.0
2023-01-02,918.0,4.7,1.0,1.0
2023-01-03,819.0,4.9,1.0,1.0
2023-01-04,733.0,4.3,1.0,1.0
2023-01-05,916.0,4.5,1.0,1.0
2023-01-06,833.0,2.5,1.0,1.0
2023-01-07,1018.0,1.1,1.0,1.0
2023-01-08,999.0,1.3,1.0,1.0
2023-01-09,823.0,-0.3,1.0,1.0
2023-01-10,778.0,3.5,1.0,1.0
2023-01-11,1106.0,2.8,1.0,1.3
2023-01-12,814.0,2.1,1.0,1.0
2023-01-13,764.0,-2.9,1.0,1.0
2023-01-14,1011.0,0.6,1.0,1.0
2023-01-15,1048.0,5.3,1.0,1.0
2023-01-16,827.0,1.8,1.0,1.0
2023-01-17,755.0,3.8,1.0,1.0
2023-01-18,690.0,0.4,1.0,1.0
2023-01-19,846.0,6.1,1.0,1.0
2023-01-20,813.0,2.9,1.0,1.0
2023-01-21,1058.0,3.8,1.0,1.0
2023-01-22,1105.0,8.0,1.0,1.0
2023-01-23,798.0,6.4,1.0,1.0
2023-01-24,1057.0,2.8,1.0,1.3
2023-01-25,768.0,2.3,1.0,1.0
2023-01-26,752.0,2.9,1.0,1.0
2023-01-27,1007.0,4.6,1.0,1.3
2023-01-28,1132.0,3.4,1.0,1.0
2023-01-29,1346.0,2.9,1.5,1.0
2023-01-30,1620.0,6.7,1.5,1.3
2023-01-31,1045.0,3.6,1.5,1.0
2023-02-01,1222.0,8.5,1.5,1.0
2023-02-02,1136.0,4.2,1.5,1.0
2023-02-03,1063.0,7.7,1.5,1.0
2023-02-04,1561.0,4.9,1.5,1.0
2023-02-05,1512.0,6.2,1.5,1.0
2023-02-06,665.0,2.9,1.0,1.0
2023-02-07,796.0,2.8,1.0,1.0
2023-02-08,1105.0,5.5,1.0,1.3
2023-02-09,864.0,6.7,1.0,1.0
2023-02-10,791.0,4.9,1.0,1.0
2023-02-11,977.0,2.3,1.0,1.0
2023-02-12,1049.0,2.3,1.0,1.0
2023-02-13,1068.0,2.3,1.0,1.3
2023-02-14,791.0,1.7,1.0,1.0
2023-02-15,732.0,5.6,1.0,1.0
2023-02-16,804.0,7.8,1.0,1.0
2023-02-17,1032.0,5.6,1.0,1.3
2023-02-18,849.0,1.2,1.0,1.0
2023-02-19,1339.0,5.5,1.0,1.3
2023-02-20,877.0,5.7,1.0,1.0
2023-02-21,1093.0,10.4,1.0,1.3
2023-02-22,814.0,3.4,1.0,1.0
2023-02-23,777.0,5.7,1.0,1.0
2023-02-24,801.0,10.0,1.0,1.0
2023-02-25,1044.0,7.7,1.0,1.0
2023-02-26,1265.0,8.0,1.0,1.3
2023-02-27,955.0,7.3,1.0,1.3
2023-02-28,1097.0,7.9,1.0,1.3
2023-03-01,857.0,8.9,1.0,1.0
2023-03-02,720.0,5.9,1.0,1.0
2023-03-03,841.0,9.5,1.0,1.0
2023-03-04,978.0,5.1,1.0,1.0
2023-03-05,1358.0,8.7,1.0,1.3
2023-03-06,807.0,8.6,1.0,1.0
2023-03-07,819.0,7.1,1.0,1.0
2023-03-08,788.0,8.5,1.0,1.0
2023-03-09,840.0,7.5,1.0,1.0
2023-03-10,782.0,6.8,1.0,1.0
2023-03-11,1370.0,8.4,1.0,1.3
2023-03-12,951.0,7.0,1.0,1.0
2023-03-13,1165.0,10.1,1.0,1.3
2023-03-14,793.0,7.3,1.0,1.0
2023-03-15,833.0,11.2,1.0,1.0
2023-03-16,699.0,7.6,1.0,1.0
2023-03-17,746.0,9.0,1.0,1.0
2023-03-18,1096.0,9.1,1.0,1.0
2023-03-19,1066.0,13.2,1.0,1.0
2023-03-20,707.0,11.4,1.0,1.0
2023-03-21,843.0,10.5,1.0,1.0
2023-03-22,776.0,12.1,1.0,1.0
2023-03-23,832.0,7.1,1.0,1.0
2023-03-24,794.0,11.5,1.0,1.0
2023-03-25,1381.0,15.7,1.0,1.3
2023-03-26,1116.0,12.2,1.0,1.0
2023-03-27,986.0,12.3,1.0,1.3
2023-03-28,758.0,13.4,1.0,1.0
2023-03-29,798.0,14.3,1.0,1.0
2023-03-30,820.0,8.7,1.0,1.0
2023-03-31,942.0,9.6,1.0,1.3
2023-04-01,943.0,13.6,1.0,1.0
2023-04-02,1093.0,11.9,1.0,1.0
2023-04-03,778.0,16.2,1.0,1.0
2023-04-04,787.0,13.1,1.0,1.0
2023-04-05,704.0,10.1,1.0,1.0
2023-04-06,768.0,11.6,1.0,1.0
2023-04-07,1018.0,8.9,1.0,1.3
2023-04-08,1111.0,14.1,1.0,1.0
2023-04-09,1004.0,14.4,1.0,1.0
2023-04-10,891.0,14.2,1.0,1.0
2023-04-11,774.0,17.4,1.0,1.0
2023-04-12,773.0,17.8,1.0,1.0
2023-04-13,887.0,15.3,1.0,1.0
2023-04-14,1059.0,11.6,1.0,1.3
2023-04-15,1018.0,17.3,1.0,1.0
2023-04-16,1043.0,17.3,1.0,1.0
2023-04-17,878.0,17.1,1.0,1.0
2023-04-18,1140.0,18.6,1.0,1.3
2023-04-19,1009.0,14.5,1.0,1.3
2023-04-20,789.0,21.1,1.0,1.0
2023-04-21,822.0,15.3,1.0,1.0
2023-04-22,987.0,19.0,1.0,1.0
2023-04-23,1061.0,14.3,1.0,1.0
2023-04-24,820.0,16.0,1.0,1.0
2023-04-25,850.0,21.1,1.0,1.0
2023-04-26,876.0,17.7,1.0,1.0
2023-04-27,789.0,20.1,1.0,1.0
2023-04-28,801.0,19.1,1.0,1.0
2023-04-29,1102.0,18.6,1.0,1.0
2023-04-30,1296.0,21.8,1.0,1.3
2023-05-01,846.0,18.8,1.0,1.0
2023-05-02,824.0,15.9,1.0,1.0
2023-05-03,775.0,18.0,1.0,1.0
2023-05-04,760.0,20.9,1.0,1.0
2023-05-05,878.0,20.8,1.0,1.0
2023-05-06,1069.0,17.1,1.0,1.0
2023-05-07,1175.0,18.9,1.0,1.0
2023-05-08,796.0,19.4,1.0,1.0
2023-05-09,833.0,20.0,1.0,1.0
2023-05-10,950.0,18.2,1.0,1.0
2023-05-11,771.0,19.8,1.0,1.0
2023-05-12,730.0,19.8,1.0,1.0
2023-05-13,1120.0,23.0,1.0,1.0
2023-05-14,987.0,23.2,1.0,1.0
2023-05-15,815.0,21.5,1.0,1.0
2023-05-16,791.0,21.2,1.0,1.0
2023-05-17,824.0,22.4,1.0,1.0
2023-05-18,780.0,20.7,1.0,1.0
2023-05-19,823.0,20.2,1.0,1.0
2023-05-20,1107.0,20.7,1.0,1.0
2023-05-21,1007.0,21.5,1.0,1.0
2023-05-22,798.0,20.6,1.0,1.0
2023-05-23,793.0,23.4,1.0,1.0
2023-05-24,730.0,24.7,1.0,1.0
2023-05-25,1066.0,20.2,1.0,1.3
2023-05-26,1065.0,23.6,1.0,1.3
2023-05-27,1038.0,23.2,1.0,1.0
2023-05-28,1342.0,24.5,1.0,1.3
2023-05-29,814.0,23.9,1.0,1.0
2023-05-30,809.0,21.2,1.0,1.0
2023-05-31,874.0,21.7,1.0,1.0
2023-06-01,885.0,24.4,1.0,1.0
2023-06-02,773.0,26.5,1.0,1.0
2023-06-03,1490.0,20.2,1.0,1.3
2023-06-04,1037.0,25.4,1.0,1.0
2023-06-05,811.0,27.2,1.0,1.0
2023-06-06,898.0,24.7,1.0,1.0
2023-06-07,832.0,26.2,1.0,1.0
2023-06-08,745.0,23.8,1.0,1.0
2023-06-09,1098.0,25.1,1.0,1.3
2023-06-10,1191.0,22.2,1.0,1.0
2023-06-11,1112.0,20.8,1.0,1.0
2023-06-12,851.0,27.5,1.0,1.0
2023-06-13,808.0,23.7,1.0,1.0
2023-06-14,759.0,24.9,1.0,1.0
2023-06-15,860.0,23.1,1.0,1.0
2023-06-16,764.0,23.1,1.0,1.0
2023-06-17,1063.0,25.7,1.0,1.0
2023-06-18,1180.0,24.7,1.0,1.0
2023-06-19,944.0,27.0,1.0,1.3
2023-06-20,757.0,27.2,1.0,1.0
2023-06-21,773.0,27.0,1.0,1.0
2023-06-22,824.0,26.9,1.0,1.0
2023-06-23,786.0,29.6,1.0,1.0
2023-06-24,1207.0,24.4,1.0,1.0
2023-06-25,1150.0,26.5,1.0,1.0
2023-06-26,839.0,28.9,1.0,1.0
2023-06-27,821.0,29.2,1.0,1.0
2023-06-28,890.0,23.9,1.0,1.0
2023-06-29,1044.0,26.2,1.0,1.3
2023-06-30,858.0,29.5,1.0,1.0
2023-07-01,1011.0,27.9,1.0,1.0
2023-07-02,1493.0,27.3,1.0,1.3
2023-07-03,912.0,26.5,1.0,1.0
2023-07-04,867.0,26.2,1.0,1.0
2023-07-05,835.0,27.5,1.0,1.0
2023-07-06,877.0,26.5,1.0,1.0
2023-07-07,707.0,26.9,1.0,1.0
2023-07-08,1129.0,27.1,1.0,1.0
2023-07-09,1463.0,25.6,1.0,1.3
2023-07-10,845.0,28.1,1.0,1.0
2023-07-11,850.0,32.8,1.0,1.0
2023-07-12,897.0,23.4,1.0,1.0
2023-07-13,799.0,27.6,1.0,1.0
2023-07-14,875.0,25.5,1.0,1.0
2023-07-15,1453.0,28.1,1.0,1.3
2023-07-16,1137.0,27.0,1.0,1.0
2023-07-17,865.0,28.4,1.0,1.0
2023-07-18,904.0,29.2,1.0,1.0
2023-07-19,815.0,27.2,1.0,1.0
2023-07-20,864.0,29.1,1.0,1.0
2023-07-21,1004.0,22.1,1.0,1.0
2023-07-22,1289.0,29.9,1.0,1.3
2023-07-23,1152.0,27.5,1.0,1.0
2023-07-24,834.0,28.8,1.0,1.0
2023-07-25,896.0,24.2,1.0,1.0
2023-07-26,861.0,24.9,1.0,1.0
2023-07-27,881.0,26.8,1.0,1.0
2023-07-28,995.0,26.4,1.0,1.0
2023-07-29,1072.0,26.9,1.0,1.0
2023-07-30,1061.0,28.5,1.0,1.0
2023-07-31,869.0,22.7,1.0,1.0
2023-08-01,976.0,28.1,1.0,1.0
2023-08-02,883.0,26.1,1.0,1.0
2023-08-03,914.0,25.6,1.0,1.0
2023-08-04,924.0,23.0,1.0,1.0
2023-08-05,1109.0,26.8,1.0,1.0
2023-08-06,1618.0,20.9,1.0,1.3
2023-08-07,1040.0,27.0,1.0,1.0
2023-08-08,1038.0,22.6,1.0,1.0
2023-08-09,877.0,25.6,1.0,1.0
2023-08-10,968.0,25.1,1.0,1.0
2023-08-11,860.0,27.6,1.0,1.0
2023-08-12,1090.0,24.8,1.0,1.0
2023-08-13,1709.0,23.6,1.0,1.3
2023-08-14,1018.0,23.9,1.0,1.0
2023-08-15,970.0,27.3,1.0,1.0
2023-08-16,906.0,25.8,1.0,1.0
2023-08-17,947.0,23.8,1.0,1.0
2023-08-18,1299.0,24.0,1.0,1.3
2023-08-19,1314.0,21.2,1.0,1.0
2023-08-20,1202.0,24.9,1.0,1.0
2023-08-21,900.0,20.5,1.0,1.0
2023-08-22,950.0,25.4,1.0,1.0
2023-08-23,1024.0,24.0,1.0,1.0
2023-08-24,847.0,28.4,1.0,1.0
2023-08-25,1032.0,21.3,1.0,1.0
2023-08-26,1293.0,23.1,1.0,1.0
2023-08-27,1268.0,26.8,1.0,1.0
2023-08-28,1000.0,25.4,1.0,1.0
2023-08-29,955.0,21.5,1.0,1.0
2023-08-30,884.0,23.2,1.0,1.0
2023-08-31,1242.0,22.5,1.0,1.3
2023-09-01,1036.0,22.9,1.0,1.0
2023-09-02,1267.0,20.8,1.0,1.0
2023-09-03,1243.0,21.9,1.0,1.0
2023-09-04,914.0,18.7,1.0,1.0
2023-09-05,1103.0,22.0,1.0,1.0
2023-09-06,1043.0,22.4,1.0,1.0
2023-09-07,1057.0,20.9,1.0,1.0
2023-09-08,1094.0,18.0,1.0,1.0
2023-09-09,1331.0,23.0,1.0,1.0
2023-09-10,1289.0,21.6,1.0,1.0
2023-09-11,1324.0,19.2,1.0,1.3
2023-09-12,1296.0,19.9,1.0,1.3
2023-09-13,1206.0,17.3,1.0,1.0
2023-09-14,1073.0,18.0,1.0,1.0
2023-09-15,1005.0,18.8,1.0,1.0
2023-09-16,1341.0,22.2,1.0,1.0
2023-09-17,1268.0,18.3,1.0,1.0
2023-09-18,1113.0,20.6,1.0,1.0
2023-09-19,999.0,18.1,1.0,1.0
2023-09-20,1381.0,19.4,1.0,1.3
2023-09-21,1105.0,18.5,1.0,1.0
2023-09-22,1049.0,20.3,1.0,1.0
2023-09-23,1367.0,17.3,1.0,1.0
2023-09-24,1367.0,15.0,1.0,1.0
2023-09-25,1362.0,15.2,1.0,1.3
2023-09-26,1012.0,16.7,1.0,1.0
2023-09-27,1330.0,15.1,1.0,1.3
2023-09-28,1475.0,18.2,1.0,1.3
2023-09-29,1044.0,16.2,1.0,1.0
2023-09-30,1254.0,21.7,1.0,1.0
2023-10-01,1784.0,13.3,1.35,1.0
2023-10-02,1509.0,17.0,1.35,1.0
2023-10-03,1477.0,14.1,1.35,1.0
2023-10-04,1468.0,15.1,1.35,1.0
2023-10-05,1815.0,16.2,1.35,1.3
2023-10-06,1449.0,11.1,1.35,1.0
2023-10-07,1773.0,16.0,1.35,1.0
2023-10-08,1326.0,19.1,1.0,1.0
2023-10-09,1445.0,14.2,1.0,1.3
2023-10-10,1106.0,15.4,1.0,1.0
2023-10-11,986.0,16.7,1.0,1.0
2023-10-12,1295.0,14.2,1.0,1.3
2023-10-13,1054.0,13.1,1.0,1.0
2023-10-14,1467.0,9.5,1.0,1.0
2023-10-15,1207.0,15.1,1.0,1.0
2023-10-16,1064.0,13.4,1.0,1.0
2023-10-17,951.0,11.4,1.0,1.0
2023-10-18,1006.0,13.5,1.0,1.0
2023-10-19,1016.0,11.9,1.0,1.0
2023-10-20,1011.0,11.8,1.0,1.0
2023-10-21,1315.0,13.9,1.0,1.0
2023-10-22,1328.0,9.8,1.0,1.0
2023-10-23,1011.0,14.3,1.0,1.0
2023-10-24,926.0,9.2,1.0,1.0
2023-10-25,1073.0,10.5,1.0,1.0
2023-10-26,1417.0,15.5,1.0,1.3
2023-10-27,1093.0,13.7,1.0,1.0
2023-10-28,1215.0,11.4,1.0,1.0
2023-10-29,1337.0,9.2,1.0,1.0
2023-10-30,1056.0,9.8,1.0,1.0
2023-10-31,959.0,10.8,1.0,1.0
2023-11-01,1020.0,10.5,1.0,1.0
2023-11-02,1310.0,10.1,1.0,1.3
2023-11-03,1126.0,10.0,1.0,1.0
2023-11-04,1461.0,9.5,1.0,1.0
2023-11-05,1146.0,6.8,1.0,1.0
2023-11-06,1145.0,8.5,1.0,1.0
2023-11-07,962.0,11.2,1.0,1.0
2023-11-08,1028.0,6.4,1.0,1.0
2023-11-09,1052.0,8.6,1.0,1.0
2023-11-10,1195.0,7.2,1.0,1.3
2023-11-11,1331.0,8.9,1.0,1.0
2023-11-12,1647.0,7.7,1.0,1.3
2023-11-13,1045.0,11.2,1.0,1.0
2023-11-14,1309.0,9.1,1.0,1.3
2023-11-15,1018.0,5.3,1.0,1.0
2023-11-16,995.0,9.1,1.0,1.0
2023-11-17,947.0,6.1,1.0,1.0
2023-11-18,1327.0,6.3,1.0,1.0
2023-11-19,1311.0,7.9,1.0,1.0
2023-11-20,995.0,6.2,1.0,1.0
2023-11-21,942.0,8.8,1.0,1.0
2023-11-22,882.0,5.3,1.0,1.0
2023-11-23,909.0,5.4,1.0,1.0
2023-11-24,902.0,5.2,1.0,1.0
2023-11-25,1275.0,5.3,1.0,1.0
2023-11-26,1335.0,8.4,1.0,1.0
2023-11-27,949.0,7.4,1.0,1.0
2023-11-28,1060.0,9.4,1.0,1.0
2023-11-29,1064.0,10.4,1.0,1.0
2023-11-30,924.0,3.6,1.0,1.0
2023-12-01,887.0,5.7,1.0,1.0
2023-12-02,1282.0,3.1,1.0,1.0
2023-12-03,1175.0,3.8,1.0,1.0
2023-12-04,915.0,3.9,1.0,1.0
2023-12-05,877.0,3.0,1.0,1.0
2023-12-06,845.0,2.9,1.0,1.0
2023-12-07,830.0,4.6,1.0,1.0
2023-12-08,917.0,2.3,1.0,1.0
2023-12-09,1149.0,6.3,1.0,1.0
2023-12-10,1361.0,2.7,1.0,1.0
2023-12-11,898.0,10.1,1.0,1.0
2023-12-12,823.0,3.4,1.0,1.0
2023-12-13,926.0,4.4,1.0,1.0
2023-12-14,946.0,1.6,1.0,1.0
2023-12-15,933.0,7.5,1.0,1.0
2023-12-16,1230.0,6.2,1.0,1.0
2023-12-17,1033.0,4.5,1.0,1.0
2023-12-18,822.0,1.1,1.0,1.0
2023-12-19,1078.0,4.2,1.0,1.3
2023-12-20,759.0,1.4,1.0,1.0
2023-12-21,916.0,6.5,1.0,1.0
2023-12-22,773.0,5.2,1.0,1.0
2023-12-23,1047.0,3.7,1.0,1.0
2023-12-24,1353.0,-1.4,1.0,1.3
2023-12-25,806.0,1.4,1.0,1.0
2023-12-26,1172.0,4.7,1.0,1.3
2023-12-27,1178.0,5.7,1.0,1.3
2023-12-28,933.0,5.5,1.0,1.0
2023-12-29,1127.0,0.0,1.0,1.3
2023-12-30,1200.0,3.8,1.0,1.0
2023-12-31,1140.0,5.2,1.0,1.0
2024-01-01,838.0,-0.2,1.0,1.0
2024-01-02,1140.0,3.1,1.0,1.3
2024-01-03,1121.0,3.6,1.0,1.3
2024-01-04,821.0,2.4,1.0,1.0
2024-01-05,1036.0,-0.7,1.0,1.3
2024-01-06,1035.0,2.4,1.0,1.0
2024-01-07,1114.0,2.4,1.0,1.0
2024-01-08,833.0,2.7,1.0,1.0
2024-01-09,795.0,1.9,1.0,1.0
2024-01-10,795.0,2.1,1.0,1.0
2024-01-11,1006.0,2.9,1.0,1.3
2024-01-12,1161.0,3.9,1.0,1.3
2024-01-13,1080.0,2.4,1.0,1.0
2024-01-14,1319.0,2.2,1.0,1.3
2024-01-15,872.0,3.3,1.0,1.0
2024-01-16,768.0,-0.7,1.0,1.0
2024-01-17,766.0,4.1,1.0,1.0
2024-01-18,877.0,3.2,1.0,1.0
2024-01-19,799.0,3.3,1.0,1.0
2024-01-20,1070.0,5.1,1.0,1.0
2024-01-21,1028.0,-0.6,1.0,1.0
2024-01-22,841.0,-0.6,1.0,1.0
2024-01-23,827.0,3.9,1.0,1.0
2024-01-24,760.0,3.4,1.0,1.0
2024-01-25,849.0,3.8,1.0,1.0
2024-01-26,785.0,2.6,1.0,1.0
2024-01-27,1202.0,4.9,1.0,1.0
2024-01-28,1086.0,5.5,1.0,1.0
2024-01-29,1393.0,4.7,1.5,1.3
2024-01-30,1240.0,3.3,1.5,1.0
2024-01-31,1300.0,-0.3,1.5,1.0
2024-02-01,1361.0,5.5,1.5,1.0
2024-02-02,1813.0,6.5,1.5,1.3
2024-02-03,1965.0,5.4,1.5,1.3
2024-02-04,1634.0,2.4,1.5,1.0
2024-02-05,1539.0,5.6,1.5,1.3
2024-02-06,840.0,6.1,1.0,1.0
2024-02-07,1011.0,7.6,1.0,1.3
2024-02-08,991.0,2.8,1.0,1.3
2024-02-09,773.0,4.2,1.0,1.0
2024-02-10,1131.0,6.3,1.0,1.0
2024-02-11,1105.0,5.0,1.0,1.0
2024-02-12,801.0,2.8,1.0,1.0
2024-02-13,752.0,6.0,1.0,1.0
2024-02-14,1048.0,6.4,1.0,1.3
2024-02-15,776.0,5.6,1.0,1.0
2024-02-16,857.0,5.9,1.0,1.0
2024-02-17,1121.0,5.1,1.0,1.0
2024-02-18,1159.0,8.7,1.0,1.0
2024-02-19,757.0,4.1,1.0,1.0
2024-02-20,668.0,4.9,1.0,1.0
2024-02-21,726.0,6.2,1.0,1.0
2024-02-22,899.0,8.1,1.0,1.0
2024-02-23,764.0,3.5,1.0,1.0
2024-02-24,977.0,4.0,1.0,1.0
2024-02-25,1105.0,2.7,1.0,1.0
2024-02-26,877.0,7.0,1.0,1.0
2024-02-27,794.0,4.8,1.0,1.0
2024-02-28,794.0,6.4,1.0,1.0
2024-02-29,821.0,8.7,1.0,1.0
2024-03-01,815.0,6.3,1.0,1.0
2024-03-02,1171.0,8.2,1.0,1.0
2024-03-03,1083.0,7.3,1.0,1.0
2024-03-04,1126.0,9.4,1.0,1.3
2024-03-05,1151.0,9.1,1.0,1.3
2024-03-06,751.0,7.0,1.0,1.0
2024-03-07,1112.0,8.2,1.0,1.3
2024-03-08,823.0,10.8,1.0,1.0
2024-03-09,915.0,9.7,1.0,1.0
2024-03-10,906.0,6.3,1.0,1.0
2024-03-11,783.0,10.6,1.0,1.0
2024-03-12,833.0,7.3,1.0,1.0
2024-03-13,849.0,12.4,1.0,1.0
2024-03-14,849.0,11.9,1.0,1.0
2024-03-15,1209.0,10.6,1.0,1.3
2024-03-16,1299.0,10.5,1.0,1.3
2024-03-17,1075.0,10.0,1.0,1.0
2024-03-18,854.0,11.9,1.0,1.0
2024-03-19,791.0,10.0,1.0,1.0
2024-03-20,838.0,11.4,1.0,1.0
2024-03-21,990.0,12.9,1.0,1.3
2024-03-22,1168.0,10.2,1.0,1.3
2024-03-23,1034.0,10.3,1.0,1.0
2024-03-24,1199.0,9.3,1.0,1.0
2024-03-25,1071.0,9.8,1.0,1.3
2024-03-26,866.0,8.5,1.0,1.0
2024-03-27,842.0,13.8,1.0,1.0
2024-03-28,843.0,16.2,1.0,1.0
2024-03-29,816.0,15.6,1.0,1.0
2024-03-30,1080.0,9.7,1.0,1.0
2024-03-31,1456.0,14.6,1.0,1.3
2024-04-01,805.0,16.2,1.0,1.0
2024-04-02,836.0,12.6,1.0,1.0
2024-04-03,815.0,14.0,1.0,1.0
2024-04-04,942.0,10.0,1.0,1.0
2024-04-05,1095.0,14.7,1.0,1.3
2024-04-06,1196.0,12.3,1.0,1.0
2024-04-07,1089.0,15.0,1.0,1.0
2024-04-08,853.0,11.7,1.0,1.0
2024-04-09,781.0,16.1,1.0,1.0
2024-04-10,823.0,17.3,1.0,1.0
2024-04-11,860.0,13.8,1.0,1.0
2024-04-12,929.0,13.3,1.0,1.0
2024-04-13,1109.0,11.5,1.0,1.0
2024-04-14,1199.0,15.5,1.0,1.0
2024-04-15,885.0,15.1,1.0,1.0
2024-04-16,934.0,13.3,1.0,1.0
2024-04-17,846.0,17.6,1.0,1.0
2024-04-18,976.0,16.0,1.0,1.0
2024-04-19,830.0,14.9,1.0,1.0
2024-04-20,1379.0,16.1,1.0,1.3
2024-04-21,1014.0,19.6,1.0,1.0
2024-04-22,965.0,18.9,1.0,1.0
2024-04-23,896.0,17.6,1.0,1.0
2024-04-24,1078.0,19.3,1.0,1.3
2024-04-25,925.0,15.9,1.0,1.0
2024-04-26,887.0,18.5,1.0,1.0
2024-04-27,1237.0,19.0,1.0,1.0
2024-04-28,1314.0,17.9,1.0,1.3
2024-04-29,833.0,19.9,1.0,1.0
2024-04-30,837.0,17.7,1.0,1.0
2024-05-01,745.0,20.5,1.0,1.0
2024-05-02,898.0,20.7,1.0,1.0
2024-05-03,855.0,14.0,1.0,1.0
2024-05-04,1130.0,22.4,1.0,1.0
2024-05-05,1294.0,14.1,1.0,1.0
2024-05-06,842.0,19.1,1.0,1.0
2024-05-07,813.0,22.6,1.0,1.0
2024-05-08,863.0,20.1,1.0,1.0
2024-05-09,922.0,18.0,1.0,1.0
2024-05-10,838.0,18.9,1.0,1.0
2024-05-11,1041.0,23.3,1.0,1.0
2024-05-12,1212.0,17.6,1.0,1.0
2024-05-13,848.0,23.9,1.0,1.0
2024-05-14,972.0,21.7,1.0,1.3
2024-05-15,806.0,19.6,1.0,1.0
2024-05-16,939.0,21.0,1.0,1.0
2024-05-17,890.0,20.3,1.0,1.0
2024-05-18,1345.0,24.2,1.0,1.3
2024-05-19,1076.0,24.1,1.0,1.0
2024-05-20,881.0,19.3,1.0,1.0
2024-05-21,1166.0,22.1,1.0,1.3
2024-05-22,797.0,21.4,1.0,1.0
2024-05-23,783.0,25.8,1.0,1.0
2024-05-24,891.0,20.7,1.0,1.0
2024-05-25,1057.0,26.7,1.0,1.0
2024-05-26,1146.0,23.6,1.0,1.0
2024-05-27,810.0,21.5,1.0,1.0
2024-05-28,885.0,22.6,1.0,1.0
2024-05-29,926.0,22.5,1.0,1.0
2024-05-30,904.0,21.7,1.0,1.0
2024-05-31,859.0,24.6,1.0,1.0
2024-06-01,1136.0,22.0,1.0,1.0
2024-06-02,1107.0,20.3,1.0,1.0
2024-06-03,859.0,24.0,1.0,1.0
2024-06-04,959.0,21.3,1.0,1.0
2024-06-05,866.0,23.5,1.0,1.0
2024-06-06,1078.0,23.3,1.0,1.3
2024-06-07,850.0,23.5,1.0,1.0
2024-06-08,1076.0,29.3,1.0,1.0
2024-06-09,1089.0,25.5,1.0,1.0
2024-06-10,879.0,26.0,1.0,1.0
2024-06-11,926.0,22.1,1.0,1.0
2024-06-12,1198.0,24.4,1.0,1.3
2024-06-13,930.0,26.2,1.0,1.0
2024-06-14,938.0,23.8,1.0,1.0
2024-06-15,1036.0,27.8,1.0,1.0
2024-06-16,1095.0,23.6,1.0,1.0
2024-06-17,868.0,25.6,1.0,1.0
2024-06-18,856.0,25.0,1.0,1.0
2024-06-19,805.0,26.6,1.0,1.0
2024-06-20,860.0,25.1,1.0,1.0
2024-06-21,1107.0,25.9,1.0,1.3
2024-06-22,1094.0,26.0,1.0,1.0
2024-06-23,1134.0,25.1,1.0,1.0
2024-06-24,925.0,27.6,1.0,1.0
2024-06-25,881.0,27.1,1.0,1.0
2024-06-26,1312.0,26.5,1.0,1.3
2024-06-27,897.0,25.9,1.0,1.0
2024-06-28,848.0,28.4,1.0,1.0
2024-06-29,1153.0,26.3,1.0,1.0
2024-06-30,1174.0,26.2,1.0,1.0
2024-07-01,905.0,27.1,1.0,1.0
2024-07-02,960.0,30.3,1.0,1.0
2024-07-03,871.0,24.2,1.0,1.0
2024-07-04,918.0,28.5,1.0,1.0
2024-07-05,1229.0,23.2,1.0,1.3
2024-07-06,1360.0,27.4,1.0,1.3
2024-07-07,1175.0,30.1,1.0,1.0
2024-07-08,953.0,28.0,1.0,1.0
2024-07-09,1103.0,27.3,1.0,1.3
2024-07-10,912.0,25.9,1.0,1.0
2024-07-11,808.0,27.1,1.0,1.0
2024-07-12,841.0,26.5,1.0,1.0
2024-07-13,1277.0,25.4,1.0,1.0
2024-07-14,1156.0,26.4,1.0,1.0
2024-07-15,846.0,27.3,1.0,1.0
2024-07-16,943.0,25.4,1.0,1.0
2024-07-17,904.0,25.3,1.0,1.0
2024-07-18,922.0,24.1,1.0,1.0
2024-07-19,951.0,27.6,1.0,1.0
2024-07-20,1099.0,27.9,1.0,1.0
2024-07-21,1129.0,27.2,1.0,1.0
2024-07-22,913.0,28.6,1.0,1.0
2024-07-23,980.0,26.8,1.0,1.0
2024-07-24,990.0,27.4,1.0,1.0
2024-07-25,889.0,27.2,1.0,1.0
2024-07-26,1287.0,26.3,1.0,1.3
2024-07-27,1177.0,25.4,1.0,1.0
2024-07-28,1680.0,30.8,1.0,1.3
2024-07-29,888.0,25.4,1.0,1.0
2024-07-30,1038.0,24.9,1.0,1.0
2024-07-31,900.0,27.0,1.0,1.0
2024-08-01,1058.0,26.6,1.0,1.0
2024-08-02,1021.0,23.2,1.0,1.0
2024-08-03,1135.0,28.2,1.0,1.0
2024-08-04,1209.0,25.7,1.0,1.0
2024-08-05,1034.0,23.5,1.0,1.0
2024-08-06,995.0,28.0,1.0,1.0
2024-08-07,947.0,26.8,1.0,1.0
2024-08-08,1002.0,22.9,1.0,1.0
2024-08-09,973.0,28.9,1.0,1.0
2024-08-10,1256.0,26.6,1.0,1.0
2024-08-11,1172.0,25.1,1.0,1.0
2024-08-12,897.0,28.2,1.0,1.0
2024-08-13,993.0,25.2,1.0,1.0
2024-08-14,1058.0,24.7,1.0,1.0
2024-08-15,1102.0,23.4,1.0,1.0
2024-08-16,1023.0,25.7,1.0,1.0
2024-08-17,1300.0,25.4,1.0,1.0
2024-08-18,1354.0,24.3,1.0,1.0
2024-08-19,979.0,22.6,1.0,1.0
2024-08-20,1288.0,24.3,1.0,1.3
2024-08-21,1246.0,23.8,1.0,1.3
2024-08-22,962.0,21.1,1.0,1.0
2024-08-23,1066.0,20.7,1.0,1.0
2024-08-24,1316.0,24.6,1.0,1.0
2024-08-25,1445.0,18.1,1.0,1.0
2024-08-26,1049.0,23.6,1.0,1.0
2024-08-27,1050.0,22.1,1.0,1.0
2024-08-28,1028.0,25.5,1.0,1.0
2024-08-29,1350.0,21.7,1.0,1.3
2024-08-30,1355.0,23.9,1.0,1.3
2024-08-31,1299.0,21.6,1.0,1.0
2024-09-01,1377.0,22.4,1.0,1.0
2024-09-02,1065.0,23.5,1.0,1.0
2024-09-03,1012.0,21.0,1.0,1.0
2024-09-04,1027.0,23.7,1.0,1.0
2024-09-05,1029.0,19.6,1.0,1.0
2024-09-06,1013.0,22.0,1.0,1.0
2024-09-07,1254.0,23.0,1.0,1.0
2024-09-08,1459.0,22.3,1.0,1.0
2024-09-09,1080.0,24.7,1.0,1.0
2024-09-10,1111.0,19.1,1.0,1.0
2024-09-11,1215.0,17.7,1.0,1.0
2024-09-12,1071.0,18.3,1.0,1.0
2024-09-13,1249.0,21.4,1.0,1.0
2024-09-14,1772.0,20.9,1.0,1.3
2024-09-15,1416.0,19.9,1.0,1.0
2024-09-16,1065.0,17.3,1.0,1.0
2024-09-17,1089.0,20.9,1.0,1.0
2024-09-18,1150.0,16.7,1.0,1.0
2024-09-19,1054.0,21.3,1.0,1.0
2024-09-20,1133.0,24.5,1.0,1.0
2024-09-21,1425.0,19.3,1.0,1.0
2024-09-22,1426.0,19.5,1.0,1.0
2024-09-23,1035.0,17.2,1.0,1.0
2024-09-24,1465.0,14.3,1.0,1.3
2024-09-25,1089.0,16.6,1.0,1.0
2024-09-26,1060.0,15.4,1.0,1.0
2024-09-27,1363.0,14.5,1.0,1.3
2024-09-28,1615.0,20.6,1.0,1.0
2024-09-29,1820.0,17.5,1.0,1.3
2024-09-30,999.0,17.5,1.0,1.0
2024-10-01,1422.0,15.9,1.35,1.0
2024-10-02,1480.0,16.0,1.35,1.0
2024-10-03,1521.0,18.1,1.35,1.0
2024-10-04,1534.0,15.9,1.35,1.0
2024-10-05,2004.0,16.8,1.35,1.0
2024-10-06,1856.0,15.1,1.35,1.0
2024-10-07,1515.0,14.6,1.35,1.0
2024-10-08,1035.0,12.3,1.0,1.0
2024-10-09,1043.0,10.9,1.0,1.0
2024-10-10,1038.0,14.2,1.0,1.0
2024-10-11,1020.0,14.6,1.0,1.0
2024-10-12,1504.0,11.7,1.0,1.0
2024-10-13,1485.0,14.0,1.0,1.0
2024-10-14,1161.0,14.0,1.0,1.0
2024-10-15,1391.0,9.3,1.0,1.3
2024-10-16,1136.0,11.6,1.0,1.0
2024-10-17,980.0,14.1,1.0,1.0
2024-10-18,1151.0,13.8,1.0,1.0
2024-10-19,1413.0,10.5,1.0,1.0
2024-10-20,1471.0,13.0,1.0,1.0
2024-10-21,1118.0,14.5,1.0,1.0
2024-10-22,1027.0,13.8,1.0,1.0
2024-10-23,985.0,11.8,1.0,1.0
2024-10-24,1029.0,10.9,1.0,1.0
2024-10-25,1107.0,10.4,1.0,1.0
2024-10-26,1466.0,12.4,1.0,1.0
2024-10-27,1286.0,11.6,1.0,1.0
2024-10-28,1017.0,12.3,1.0,1.0
2024-10-29,1026.0,11.1,1.0,1.0
2024-10-30,1056.0,12.3,1.0,1.0
2024-10-31,980.0,10.7,1.0,1.0
2024-11-01,983.0,11.8,1.0,1.0
2024-11-02,1327.0,11.8,1.0,1.0
2024-11-03,1361.0,8.3,1.0,1.0
2024-11-04,943.0,6.1,1.0,1.0
2024-11-05,1387.0,12.6,1.0,1.3
2024-11-06,1458.0,9.9,1.0,1.3
2024-11-07,928.0,5.7,1.0,1.0
2024-11-08,1015.0,7.6,1.0,1.0
2024-11-09,1456.0,10.4,1.0,1.0
2024-11-10,1699.0,8.1,1.0,1.3
2024-11-11,988.0,7.4,1.0,1.0
2024-11-12,1131.0,11.1,1.0,1.0
2024-11-13,985.0,6.0,1.0,1.0
2024-11-14,1073.0,6.4,1.0,1.0
2024-11-15,1053.0,8.2,1.0,1.0
2024-11-16,1308.0,8.4,1.0,1.0
2024-11-17,1784.0,8.4,1.0,1.3
2024-11-18,1052.0,9.1,1.0,1.0
2024-11-19,1398.0,7.5,1.0,1.3
2024-11-20,983.0,8.0,1.0,1.0
2024-11-21,999.0,6.3,1.0,1.0
2024-11-22,997.0,6.8,1.0,1.0
2024-11-23,1353.0,6.7,1.0,1.0
2024-11-24,1217.0,6.8,1.0,1.0
2024-11-25,1069.0,7.8,1.0,1.0
2024-11-26,1027.0,7.2,1.0,1.0
2024-11-27,906.0,6.1,1.0,1.0
2024-11-28,1030.0,4.2,1.0,1.0
2024-11-29,1110.0,5.8,1.0,1.0
2024-11-30,1341.0,5.5,1.0,1.0
2024-12-01,1376.0,5.8,1.0,1.0
2024-12-02,1021.0,9.7,1.0,1.0
2024-12-03,857.0,4.2,1.0,1.0
2024-12-04,1123.0,5.9,1.0,1.3
2024-12-05,999.0,7.1,1.0,1.0
2024-12-06,924.0,5.1,1.0,1.0
2024-12-07,1234.0,9.4,1.0,1.0
2024-12-08,1218.0,3.9,1.0,1.0
2024-12-09,990.0,5.2,1.0,1.0
2024-12-10,844.0,2.8,1.0,1.0
2024-12-11,907.0,3.6,1.0,1.0
2024-12-12,1029.0,4.7,1.0,1.0
2024-12-13,894.0,5.9,1.0,1.0
2024-12-14,1286.0,4.7,1.0,1.0
2024-12-15,1211.0,6.5,1.0,1.0
2024-12-16,955.0,3.7,1.0,1.0
2024-12-17,977.0,3.2,1.0,1.0
2024-12-18,1026.0,9.2,1.0,1.0
2024-12-19,979.0,4.5,1.0,1.0
2024-12-20,839.0,2.2,1.0,1.0
2024-12-21,1247.0,2.2,1.0,1.0
2024-12-22,1100.0,1.6,1.0,1.0
2024-12-23,946.0,5.3,1.0,1.0
2024-12-24,913.0,2.7,1.0,1.0
2024-12-25,934.0,3.6,1.0,1.0
2024-12-26,920.0,3.2,1.0,1.0
2024-12-27,871.0,4.7,1.0,1.0
2024-12-28,1052.0,1.5,1.0,1.0
2024-12-29,1196.0,1.0,1.0,1.0
2024-12-30,909.0,3.6,1.0,1.0
